id,date,state,fips,cases,deaths
1,1/21/20,Washington,53,1,0
2,1/22/20,Washington,53,1,0
3,1/23/20,Washington,53,1,0
4,1/24/20,Illinois,17,1,0
5,1/24/20,Washington,53,1,0
6,1/25/20,California,6,1,0
7,1/25/20,Illinois,17,1,0
8,1/25/20,Washington,53,1,0
9,1/26/20,Arizona,4,1,0
10,1/26/20,California,6,2,0
11,1/26/20,Illinois,17,1,0
12,1/26/20,Washington,53,1,0
13,1/27/20,Arizona,4,1,0
14,1/27/20,California,6,2,0
15,1/27/20,Illinois,17,1,0
16,1/27/20,Washington,53,1,0
17,1/28/20,Arizona,4,1,0
18,1/28/20,California,6,2,0
19,1/28/20,Illinois,17,1,0
20,1/28/20,Washington,53,1,0
21,1/29/20,Arizona,4,1,0
22,1/29/20,California,6,2,0
23,1/29/20,Illinois,17,1,0
24,1/29/20,Washington,53,1,0
25,1/30/20,Arizona,4,1,0
26,1/30/20,California,6,2,0
27,1/30/20,Illinois,17,2,0
28,1/30/20,Washington,53,1,0
29,1/31/20,Arizona,4,1,0
30,1/31/20,California,6,3,0
31,1/31/20,Illinois,17,2,0
32,1/31/20,Washington,53,1,0
33,2/1/20,Arizona,4,1,0
34,2/1/20,California,6,3,0
35,2/1/20,Illinois,17,2,0
36,2/1/20,Massachusetts,25,1,0
37,2/1/20,Washington,53,1,0
38,2/2/20,Arizona,4,1,0
39,2/2/20,California,6,6,0
40,2/2/20,Illinois,17,2,0
41,2/2/20,Massachusetts,25,1,0
42,2/2/20,Washington,53,1,0
43,2/3/20,Arizona,4,1,0
44,2/3/20,California,6,6,0
45,2/3/20,Illinois,17,2,0
46,2/3/20,Massachusetts,25,1,0
47,2/3/20,Washington,53,1,0
48,2/4/20,Arizona,4,1,0
49,2/4/20,California,6,6,0
50,2/4/20,Illinois,17,2,0
51,2/4/20,Massachusetts,25,1,0
52,2/4/20,Washington,53,1,0
53,2/5/20,Arizona,4,1,0
54,2/5/20,California,6,6,0
55,2/5/20,Illinois,17,2,0
56,2/5/20,Massachusetts,25,1,0
57,2/5/20,Washington,53,1,0
58,2/5/20,Wisconsin,55,1,0
59,2/6/20,Arizona,4,1,0
60,2/6/20,California,6,6,0
61,2/6/20,Illinois,17,2,0
62,2/6/20,Massachusetts,25,1,0
63,2/6/20,Washington,53,1,0
64,2/6/20,Wisconsin,55,1,0
65,2/7/20,Arizona,4,1,0
66,2/7/20,California,6,6,0
67,2/7/20,Illinois,17,2,0
68,2/7/20,Massachusetts,25,1,0
69,2/7/20,Washington,53,1,0
70,2/7/20,Wisconsin,55,1,0
71,2/8/20,Arizona,4,1,0
72,2/8/20,California,6,6,0
73,2/8/20,Illinois,17,2,0
74,2/8/20,Massachusetts,25,1,0
75,2/8/20,Washington,53,1,0
76,2/8/20,Wisconsin,55,1,0
77,2/9/20,Arizona,4,1,0
78,2/9/20,California,6,6,0
79,2/9/20,Illinois,17,2,0
80,2/9/20,Massachusetts,25,1,0
81,2/9/20,Washington,53,1,0
82,2/9/20,Wisconsin,55,1,0
83,2/10/20,Arizona,4,1,0
84,2/10/20,California,6,7,0
85,2/10/20,Illinois,17,2,0
86,2/10/20,Massachusetts,25,1,0
87,2/10/20,Washington,53,1,0
88,2/10/20,Wisconsin,55,1,0
89,2/11/20,Arizona,4,1,0
90,2/11/20,California,6,7,0
91,2/11/20,Illinois,17,2,0
92,2/11/20,Massachusetts,25,1,0
93,2/11/20,Washington,53,1,0
94,2/11/20,Wisconsin,55,1,0
95,2/12/20,Arizona,4,1,0
96,2/12/20,California,6,7,0
97,2/12/20,Illinois,17,2,0
98,2/12/20,Massachusetts,25,1,0
99,2/12/20,Texas,48,1,0
100,2/12/20,Washington,53,1,0
101,2/12/20,Wisconsin,55,1,0
102,2/13/20,Arizona,4,1,0
103,2/13/20,California,6,7,0
104,2/13/20,Illinois,17,2,0
105,2/13/20,Massachusetts,25,1,0
106,2/13/20,Texas,48,2,0
107,2/13/20,Washington,53,1,0
108,2/13/20,Wisconsin,55,1,0
109,2/14/20,Arizona,4,1,0
110,2/14/20,California,6,7,0
111,2/14/20,Illinois,17,2,0
112,2/14/20,Massachusetts,25,1,0
113,2/14/20,Texas,48,2,0
114,2/14/20,Washington,53,1,0
115,2/14/20,Wisconsin,55,1,0
116,2/15/20,Arizona,4,1,0
117,2/15/20,California,6,7,0
118,2/15/20,Illinois,17,2,0
119,2/15/20,Massachusetts,25,1,0
120,2/15/20,Texas,48,2,0
121,2/15/20,Washington,53,1,0
122,2/15/20,Wisconsin,55,1,0
123,2/16/20,Arizona,4,1,0
124,2/16/20,California,6,7,0
125,2/16/20,Illinois,17,2,0
126,2/16/20,Massachusetts,25,1,0
127,2/16/20,Texas,48,2,0
128,2/16/20,Washington,53,1,0
129,2/16/20,Wisconsin,55,1,0
130,2/17/20,Arizona,4,1,0
131,2/17/20,California,6,7,0
132,2/17/20,Illinois,17,2,0
133,2/17/20,Massachusetts,25,1,0
134,2/17/20,Nebraska,31,10,0
135,2/17/20,Texas,48,2,0
136,2/17/20,Washington,53,1,0
137,2/17/20,Wisconsin,55,1,0
138,2/18/20,Arizona,4,1,0
139,2/18/20,California,6,7,0
140,2/18/20,Illinois,17,2,0
141,2/18/20,Massachusetts,25,1,0
142,2/18/20,Nebraska,31,10,0
143,2/18/20,Texas,48,2,0
144,2/18/20,Washington,53,1,0
145,2/18/20,Wisconsin,55,1,0
146,2/19/20,Arizona,4,1,0
147,2/19/20,California,6,7,0
148,2/19/20,Illinois,17,2,0
149,2/19/20,Massachusetts,25,1,0
150,2/19/20,Nebraska,31,10,0
151,2/19/20,Texas,48,2,0
152,2/19/20,Washington,53,1,0
153,2/19/20,Wisconsin,55,1,0
154,2/20/20,Arizona,4,1,0
155,2/20/20,California,6,8,0
156,2/20/20,Illinois,17,2,0
157,2/20/20,Massachusetts,25,1,0
158,2/20/20,Nebraska,31,11,0
159,2/20/20,Texas,48,2,0
160,2/20/20,Washington,53,1,0
161,2/20/20,Wisconsin,55,1,0
162,2/21/20,Arizona,4,1,0
163,2/21/20,California,6,9,0
164,2/21/20,Illinois,17,2,0
165,2/21/20,Massachusetts,25,1,0
166,2/21/20,Nebraska,31,11,0
167,2/21/20,Texas,48,4,0
168,2/21/20,Washington,53,1,0
169,2/21/20,Wisconsin,55,1,0
170,2/22/20,Arizona,4,1,0
171,2/22/20,California,6,9,0
172,2/22/20,Illinois,17,2,0
173,2/22/20,Massachusetts,25,1,0
174,2/22/20,Nebraska,31,11,0
175,2/22/20,Texas,48,4,0
176,2/22/20,Washington,53,1,0
177,2/22/20,Wisconsin,55,1,0
178,2/23/20,Arizona,4,1,0
179,2/23/20,California,6,9,0
180,2/23/20,Illinois,17,2,0
181,2/23/20,Massachusetts,25,1,0
182,2/23/20,Nebraska,31,11,0
183,2/23/20,Texas,48,4,0
184,2/23/20,Washington,53,1,0
185,2/23/20,Wisconsin,55,1,0
186,2/24/20,Arizona,4,1,0
187,2/24/20,California,6,11,0
188,2/24/20,Illinois,17,2,0
189,2/24/20,Massachusetts,25,1,0
190,2/24/20,Nebraska,31,12,0
191,2/24/20,Texas,48,10,0
192,2/24/20,Washington,53,5,0
193,2/24/20,Wisconsin,55,1,0
194,2/25/20,Arizona,4,1,0
195,2/25/20,California,6,11,0
196,2/25/20,Illinois,17,2,0
197,2/25/20,Massachusetts,25,1,0
198,2/25/20,Nebraska,31,13,0
199,2/25/20,Texas,48,10,0
200,2/25/20,Utah,49,1,0
201,2/25/20,Washington,53,5,0
202,2/25/20,Wisconsin,55,1,0
203,2/26/20,Arizona,4,1,0
204,2/26/20,California,6,26,0
205,2/26/20,Illinois,17,2,0
206,2/26/20,Massachusetts,25,1,0
207,2/26/20,Nebraska,31,13,0
208,2/26/20,Texas,48,10,0
209,2/26/20,Utah,49,1,0
210,2/26/20,Washington,53,5,0
211,2/26/20,Wisconsin,55,1,0
212,2/27/20,Arizona,4,1,0
213,2/27/20,California,6,26,0
214,2/27/20,Illinois,17,2,0
215,2/27/20,Massachusetts,25,1,0
216,2/27/20,Nebraska,31,13,0
217,2/27/20,Texas,48,10,0
218,2/27/20,Utah,49,1,0
219,2/27/20,Washington,53,5,0
220,2/27/20,Wisconsin,55,1,0
221,2/28/20,Arizona,4,1,0
222,2/28/20,California,6,27,0
223,2/28/20,Illinois,17,2,0
224,2/28/20,Massachusetts,25,1,0
225,2/28/20,Nebraska,31,13,0
226,2/28/20,Oregon,41,1,0
227,2/28/20,Texas,48,11,0
228,2/28/20,Utah,49,1,0
229,2/28/20,Washington,53,7,0
230,2/28/20,Wisconsin,55,1,0
231,2/29/20,Arizona,4,1,0
232,2/29/20,California,6,28,0
233,2/29/20,Illinois,17,3,0
234,2/29/20,Massachusetts,25,1,0
235,2/29/20,Nebraska,31,13,0
236,2/29/20,Oregon,41,1,0
237,2/29/20,Texas,48,11,0
238,2/29/20,Utah,49,1,0
239,2/29/20,Washington,53,10,1
240,2/29/20,Wisconsin,55,1,0
241,3/1/20,Arizona,4,1,0
242,3/1/20,California,6,33,0
243,3/1/20,Florida,12,2,0
244,3/1/20,Illinois,17,3,0
245,3/1/20,Massachusetts,25,1,0
246,3/1/20,Nebraska,31,13,0
247,3/1/20,New York,36,1,0
248,3/1/20,Oregon,41,2,0
249,3/1/20,Rhode Island,44,2,0
250,3/1/20,Texas,48,11,0
251,3/1/20,Utah,49,1,0
252,3/1/20,Washington,53,17,3
253,3/1/20,Wisconsin,55,1,0
254,3/2/20,Arizona,4,1,0
255,3/2/20,California,6,38,0
256,3/2/20,Florida,12,2,0
257,3/2/20,Georgia,13,2,0
258,3/2/20,Illinois,17,4,0
259,3/2/20,Massachusetts,25,2,0
260,3/2/20,Nebraska,31,13,0
261,3/2/20,New Hampshire,33,1,0
262,3/2/20,New York,36,1,0
263,3/2/20,Oregon,41,2,0
264,3/2/20,Rhode Island,44,2,0
265,3/2/20,Texas,48,11,0
266,3/2/20,Utah,49,1,0
267,3/2/20,Washington,53,23,6
268,3/2/20,Wisconsin,55,1,0
269,3/3/20,Arizona,4,2,0
270,3/3/20,California,6,45,0
271,3/3/20,Florida,12,3,0
272,3/3/20,Georgia,13,2,0
273,3/3/20,Illinois,17,4,0
274,3/3/20,Massachusetts,25,2,0
275,3/3/20,Nebraska,31,13,0
276,3/3/20,New Hampshire,33,2,0
277,3/3/20,New York,36,2,0
278,3/3/20,North Carolina,37,1,0
279,3/3/20,Oregon,41,2,0
280,3/3/20,Rhode Island,44,2,0
281,3/3/20,Texas,48,11,0
282,3/3/20,Utah,49,1,0
283,3/3/20,Washington,53,32,10
284,3/3/20,Wisconsin,55,1,0
285,3/4/20,Arizona,4,2,0
286,3/4/20,California,6,55,1
287,3/4/20,Florida,12,3,0
288,3/4/20,Georgia,13,2,0
289,3/4/20,Illinois,17,4,0
290,3/4/20,Massachusetts,25,2,0
291,3/4/20,Nebraska,31,13,0
292,3/4/20,New Hampshire,33,2,0
293,3/4/20,New Jersey,34,1,0
294,3/4/20,New York,36,11,0
295,3/4/20,North Carolina,37,1,0
296,3/4/20,Oregon,41,2,0
297,3/4/20,Rhode Island,44,2,0
298,3/4/20,Texas,48,12,0
299,3/4/20,Utah,49,1,0
300,3/4/20,Washington,53,47,11
301,3/4/20,Wisconsin,55,1,0
302,3/5/20,Arizona,4,2,0
303,3/5/20,California,6,67,1
304,3/5/20,Colorado,8,2,0
305,3/5/20,Florida,12,4,0
306,3/5/20,Georgia,13,2,0
307,3/5/20,Illinois,17,5,0
308,3/5/20,Maryland,24,3,0
309,3/5/20,Massachusetts,25,3,0
310,3/5/20,Nebraska,31,13,0
311,3/5/20,Nevada,32,2,0
312,3/5/20,New Hampshire,33,2,0
313,3/5/20,New Jersey,34,2,0
314,3/5/20,New York,36,22,0
315,3/5/20,North Carolina,37,1,0
316,3/5/20,Oregon,41,2,0
317,3/5/20,Rhode Island,44,2,0
318,3/5/20,Tennessee,47,1,0
319,3/5/20,Texas,48,16,0
320,3/5/20,Utah,49,1,0
321,3/5/20,Washington,53,75,11
322,3/5/20,Wisconsin,55,1,0
323,3/6/20,Arizona,4,3,0
324,3/6/20,California,6,81,1
325,3/6/20,Colorado,8,8,0
326,3/6/20,Florida,12,7,2
327,3/6/20,Georgia,13,3,0
328,3/6/20,Hawaii,15,1,0
329,3/6/20,Illinois,17,6,0
330,3/6/20,Indiana,18,1,0
331,3/6/20,Kentucky,21,1,0
332,3/6/20,Maryland,24,3,0
333,3/6/20,Massachusetts,25,8,0
334,3/6/20,Minnesota,27,1,0
335,3/6/20,Nebraska,31,14,0
336,3/6/20,Nevada,32,2,0
337,3/6/20,New Hampshire,33,2,0
338,3/6/20,New Jersey,34,4,0
339,3/6/20,New York,36,44,0
340,3/6/20,North Carolina,37,2,0
341,3/6/20,Oklahoma,40,1,0
342,3/6/20,Oregon,41,2,0
343,3/6/20,Pennsylvania,42,2,0
344,3/6/20,Rhode Island,44,3,0
345,3/6/20,South Carolina,45,2,0
346,3/6/20,Tennessee,47,1,0
347,3/6/20,Texas,48,19,0
348,3/6/20,Utah,49,3,0
349,3/6/20,Washington,53,86,12
350,3/6/20,Wisconsin,55,1,0
351,3/7/20,Arizona,4,5,0
352,3/7/20,California,6,100,1
353,3/7/20,Colorado,8,8,0
354,3/7/20,District of Columbia,11,1,0
355,3/7/20,Florida,12,12,2
356,3/7/20,Georgia,13,7,0
357,3/7/20,Hawaii,15,1,0
358,3/7/20,Illinois,17,6,0
359,3/7/20,Indiana,18,1,0
360,3/7/20,Kansas,20,1,0
361,3/7/20,Kentucky,21,1,0
362,3/7/20,Maryland,24,3,0
363,3/7/20,Massachusetts,25,13,0
364,3/7/20,Minnesota,27,1,0
365,3/7/20,Missouri,29,1,0
366,3/7/20,Nebraska,31,14,0
367,3/7/20,Nevada,32,2,0
368,3/7/20,New Hampshire,33,4,0
369,3/7/20,New Jersey,34,4,0
370,3/7/20,New York,36,89,0
371,3/7/20,North Carolina,37,2,0
372,3/7/20,Oklahoma,40,1,0
373,3/7/20,Oregon,41,6,0
374,3/7/20,Pennsylvania,42,4,0
375,3/7/20,Rhode Island,44,3,0
376,3/7/20,South Carolina,45,2,0
377,3/7/20,Tennessee,47,1,0
378,3/7/20,Texas,48,19,0
379,3/7/20,Utah,49,3,0
380,3/7/20,Vermont,50,1,0
381,3/7/20,Virginia,51,1,0
382,3/7/20,Washington,53,110,16
383,3/7/20,Wisconsin,55,1,0
384,3/8/20,Arizona,4,5,0
385,3/8/20,California,6,112,1
386,3/8/20,Colorado,8,8,0
387,3/8/20,Connecticut,9,1,0
388,3/8/20,District of Columbia,11,1,0
389,3/8/20,Florida,12,13,2
390,3/8/20,Georgia,13,11,0
391,3/8/20,Hawaii,15,2,0
392,3/8/20,Illinois,17,7,0
393,3/8/20,Indiana,18,2,0
394,3/8/20,Iowa,19,3,0
395,3/8/20,Kansas,20,1,0
396,3/8/20,Kentucky,21,4,0
397,3/8/20,Maryland,24,5,0
398,3/8/20,Massachusetts,25,28,0
399,3/8/20,Minnesota,27,2,0
400,3/8/20,Missouri,29,1,0
401,3/8/20,Nebraska,31,16,0
402,3/8/20,Nevada,32,4,0
403,3/8/20,New Hampshire,33,4,0
404,3/8/20,New Jersey,34,6,0
405,3/8/20,New York,36,106,0
406,3/8/20,North Carolina,37,2,0
407,3/8/20,Oklahoma,40,1,0
408,3/8/20,Oregon,41,13,0
409,3/8/20,Pennsylvania,42,6,0
410,3/8/20,Rhode Island,44,3,0
411,3/8/20,South Carolina,45,6,0
412,3/8/20,Tennessee,47,3,0
413,3/8/20,Texas,48,23,0
414,3/8/20,Utah,49,3,0
415,3/8/20,Vermont,50,1,0
416,3/8/20,Virginia,51,2,0
417,3/8/20,Washington,53,141,19
418,3/8/20,Wisconsin,55,1,0
419,3/9/20,Arizona,4,6,0
420,3/9/20,California,6,172,2
421,3/9/20,Colorado,8,12,0
422,3/9/20,Connecticut,9,2,0
423,3/9/20,District of Columbia,11,4,0
424,3/9/20,Florida,12,14,2
425,3/9/20,Georgia,13,17,0
426,3/9/20,Hawaii,15,2,0
427,3/9/20,Illinois,17,11,0
428,3/9/20,Indiana,18,4,0
429,3/9/20,Iowa,19,8,0
430,3/9/20,Kansas,20,1,0
431,3/9/20,Kentucky,21,5,0
432,3/9/20,Louisiana,22,1,0
433,3/9/20,Maryland,24,6,0
434,3/9/20,Massachusetts,25,41,0
435,3/9/20,Minnesota,27,2,0
436,3/9/20,Missouri,29,1,0
437,3/9/20,Nebraska,31,16,0
438,3/9/20,Nevada,32,4,0
439,3/9/20,New Hampshire,33,4,0
440,3/9/20,New Jersey,34,11,0
441,3/9/20,New York,36,142,0
442,3/9/20,North Carolina,37,7,0
443,3/9/20,Ohio,39,3,0
444,3/9/20,Oklahoma,40,1,0
445,3/9/20,Oregon,41,13,0
446,3/9/20,Pennsylvania,42,10,0
447,3/9/20,Rhode Island,44,3,0
448,3/9/20,South Carolina,45,7,0
449,3/9/20,Tennessee,47,4,0
450,3/9/20,Texas,48,24,0
451,3/9/20,Utah,49,3,0
452,3/9/20,Vermont,50,1,0
453,3/9/20,Virginia,51,5,0
454,3/9/20,Washington,53,179,22
455,3/9/20,Wisconsin,55,2,0
456,3/10/20,Arizona,4,6,0
457,3/10/20,California,6,179,3
458,3/10/20,Colorado,8,17,0
459,3/10/20,Connecticut,9,2,0
460,3/10/20,District of Columbia,11,4,0
461,3/10/20,Florida,12,23,2
462,3/10/20,Georgia,13,22,0
463,3/10/20,Hawaii,15,2,0
464,3/10/20,Illinois,17,19,0
465,3/10/20,Indiana,18,6,0
466,3/10/20,Iowa,19,13,0
467,3/10/20,Kansas,20,1,0
468,3/10/20,Kentucky,21,7,0
469,3/10/20,Louisiana,22,6,0
470,3/10/20,Maryland,24,9,0
471,3/10/20,Massachusetts,25,92,0
472,3/10/20,Michigan,26,2,0
473,3/10/20,Minnesota,27,3,0
474,3/10/20,Missouri,29,1,0
475,3/10/20,Nebraska,31,17,0
476,3/10/20,Nevada,32,4,0
477,3/10/20,New Hampshire,33,5,0
478,3/10/20,New Jersey,34,15,1
479,3/10/20,New York,36,173,0
480,3/10/20,North Carolina,37,7,0
481,3/10/20,Ohio,39,3,0
482,3/10/20,Oklahoma,40,2,0
483,3/10/20,Oregon,41,14,0
484,3/10/20,Pennsylvania,42,12,0
485,3/10/20,Rhode Island,44,5,0
486,3/10/20,South Carolina,45,9,0
487,3/10/20,South Dakota,46,5,1
488,3/10/20,Tennessee,47,7,0
489,3/10/20,Texas,48,31,0
490,3/10/20,Utah,49,4,0
491,3/10/20,Vermont,50,1,0
492,3/10/20,Virginia,51,8,0
493,3/10/20,Washington,53,279,24
494,3/10/20,Wisconsin,55,3,0
495,3/11/20,Arizona,4,9,0
496,3/11/20,Arkansas,5,1,0
497,3/11/20,California,6,202,4
498,3/11/20,Colorado,8,34,0
499,3/11/20,Connecticut,9,3,0
500,3/11/20,Delaware,10,1,0
501,3/11/20,District of Columbia,11,10,0
502,3/11/20,Florida,12,26,2
503,3/11/20,Georgia,13,31,0
504,3/11/20,Hawaii,15,2,0
505,3/11/20,Illinois,17,25,0
506,3/11/20,Indiana,18,11,0
507,3/11/20,Iowa,19,14,0
508,3/11/20,Kansas,20,1,0
509,3/11/20,Kentucky,21,7,0
510,3/11/20,Louisiana,22,13,0
511,3/11/20,Maryland,24,13,0
512,3/11/20,Massachusetts,25,95,0
513,3/11/20,Michigan,26,2,0
514,3/11/20,Minnesota,27,5,0
515,3/11/20,Mississippi,28,1,0
516,3/11/20,Missouri,29,1,0
517,3/11/20,Nebraska,31,23,0
518,3/11/20,Nevada,32,7,0
519,3/11/20,New Hampshire,33,5,0
520,3/11/20,New Jersey,34,23,1
521,3/11/20,New Mexico,35,4,0
522,3/11/20,New York,36,217,0
523,3/11/20,North Carolina,37,8,0
524,3/11/20,North Dakota,38,1,0
525,3/11/20,Ohio,39,4,0
526,3/11/20,Oklahoma,40,2,0
527,3/11/20,Oregon,41,20,0
528,3/11/20,Pennsylvania,42,16,0
529,3/11/20,Rhode Island,44,5,0
530,3/11/20,South Carolina,45,10,0
531,3/11/20,South Dakota,46,8,1
532,3/11/20,Tennessee,47,8,0
533,3/11/20,Texas,48,33,0
534,3/11/20,Utah,49,5,0
535,3/11/20,Vermont,50,2,0
536,3/11/20,Virginia,51,10,0
537,3/11/20,Washington,53,338,29
538,3/11/20,Wisconsin,55,6,0
539,3/11/20,Wyoming,56,1,0
540,3/12/20,Alaska,2,1,0
541,3/12/20,Arizona,4,9,0
542,3/12/20,Arkansas,5,6,0
543,3/12/20,California,6,252,4
544,3/12/20,Colorado,8,49,1
545,3/12/20,Connecticut,9,6,0
546,3/12/20,Delaware,10,4,0
547,3/12/20,District of Columbia,11,10,0
548,3/12/20,Florida,12,46,2
549,3/12/20,Georgia,13,31,1
550,3/12/20,Hawaii,15,2,0
551,3/12/20,Illinois,17,32,0
552,3/12/20,Indiana,18,12,0
553,3/12/20,Iowa,19,16,0
554,3/12/20,Kansas,20,5,1
555,3/12/20,Kentucky,21,11,0
556,3/12/20,Louisiana,22,14,0
557,3/12/20,Maine,23,1,0
558,3/12/20,Maryland,24,13,0
559,3/12/20,Massachusetts,25,108,0
560,3/12/20,Michigan,26,12,0
561,3/12/20,Minnesota,27,9,0
562,3/12/20,Mississippi,28,1,0
563,3/12/20,Missouri,29,2,0
564,3/12/20,Nebraska,31,24,0
565,3/12/20,Nevada,32,11,0
566,3/12/20,New Hampshire,33,6,0
567,3/12/20,New Jersey,34,29,1
568,3/12/20,New Mexico,35,6,0
569,3/12/20,New York,36,326,0
570,3/12/20,North Carolina,37,16,0
571,3/12/20,North Dakota,38,1,0
572,3/12/20,Ohio,39,5,0
573,3/12/20,Oklahoma,40,2,0
574,3/12/20,Oregon,41,30,0
575,3/12/20,Pennsylvania,42,22,0
576,3/12/20,Rhode Island,44,5,0
577,3/12/20,South Carolina,45,12,0
578,3/12/20,South Dakota,46,8,1
579,3/12/20,Tennessee,47,18,0
580,3/12/20,Texas,48,41,0
581,3/12/20,Utah,49,7,0
582,3/12/20,Vermont,50,2,0
583,3/12/20,Virginia,51,17,0
584,3/12/20,Washington,53,419,32
585,3/12/20,Wisconsin,55,8,0
586,3/12/20,Wyoming,56,1,0
587,3/13/20,Alabama,1,6,0
588,3/13/20,Alaska,2,1,0
589,3/13/20,Arizona,4,9,0
590,3/13/20,Arkansas,5,7,0
591,3/13/20,California,6,320,5
592,3/13/20,Colorado,8,78,2
593,3/13/20,Connecticut,9,11,0
594,3/13/20,Delaware,10,4,0
595,3/13/20,District of Columbia,11,10,0
596,3/13/20,Florida,12,70,2
597,3/13/20,Georgia,13,41,1
598,3/13/20,Hawaii,15,2,0
599,3/13/20,Idaho,16,1,0
600,3/13/20,Illinois,17,46,0
601,3/13/20,Indiana,18,12,0
602,3/13/20,Iowa,19,17,0
603,3/13/20,Kansas,20,6,1
604,3/13/20,Kentucky,21,11,0
605,3/13/20,Louisiana,22,36,0
606,3/13/20,Maine,23,2,0
607,3/13/20,Maryland,24,18,0
608,3/13/20,Massachusetts,25,123,0
609,3/13/20,Michigan,26,25,0
610,3/13/20,Minnesota,27,14,0
611,3/13/20,Mississippi,28,6,0
612,3/13/20,Missouri,29,4,0
613,3/13/20,Montana,30,4,0
614,3/13/20,Nebraska,31,27,0
615,3/13/20,Nevada,32,19,0
616,3/13/20,New Hampshire,33,7,0
617,3/13/20,New Jersey,34,50,1
618,3/13/20,New Mexico,35,10,0
619,3/13/20,New York,36,421,0
620,3/13/20,North Carolina,37,18,0
621,3/13/20,North Dakota,38,1,0
622,3/13/20,Ohio,39,13,0
623,3/13/20,Oklahoma,40,3,0
624,3/13/20,Oregon,41,30,0
625,3/13/20,Pennsylvania,42,41,0
626,3/13/20,Puerto Rico,72,3,0
627,3/13/20,Rhode Island,44,20,0
628,3/13/20,South Carolina,45,13,0
629,3/13/20,South Dakota,46,9,1
630,3/13/20,Tennessee,47,26,0
631,3/13/20,Texas,48,58,0
632,3/13/20,Utah,49,7,0
633,3/13/20,Vermont,50,2,0
634,3/13/20,Virginia,51,30,0
635,3/13/20,Washington,53,511,37
636,3/13/20,Wisconsin,55,19,0
637,3/13/20,Wyoming,56,2,0
638,3/14/20,Alabama,1,12,0
639,3/14/20,Alaska,2,1,0
640,3/14/20,Arizona,4,12,0
641,3/14/20,Arkansas,5,9,0
642,3/14/20,California,6,381,5
643,3/14/20,Colorado,8,103,2
644,3/14/20,Connecticut,9,20,0
645,3/14/20,Delaware,10,4,0
646,3/14/20,District of Columbia,11,16,0
647,3/14/20,Florida,12,70,3
648,3/14/20,Georgia,13,65,1
649,3/14/20,Hawaii,15,4,0
650,3/14/20,Idaho,16,5,0
651,3/14/20,Illinois,17,66,0
652,3/14/20,Indiana,18,15,0
653,3/14/20,Iowa,19,18,0
654,3/14/20,Kansas,20,8,1
655,3/14/20,Kentucky,21,18,0
656,3/14/20,Louisiana,22,77,1
657,3/14/20,Maine,23,3,0
658,3/14/20,Maryland,24,27,0
659,3/14/20,Massachusetts,25,138,0
660,3/14/20,Michigan,26,33,0
661,3/14/20,Minnesota,27,21,0
662,3/14/20,Mississippi,28,6,0
663,3/14/20,Missouri,29,5,0
664,3/14/20,Montana,30,6,0
665,3/14/20,Nebraska,31,29,0
666,3/14/20,Nevada,32,21,0
667,3/14/20,New Hampshire,33,7,0
668,3/14/20,New Jersey,34,75,2
669,3/14/20,New Mexico,35,13,0
670,3/14/20,New York,36,610,2
671,3/14/20,North Carolina,37,25,0
672,3/14/20,North Dakota,38,1,0
673,3/14/20,Ohio,39,26,0
674,3/14/20,Oklahoma,40,4,0
675,3/14/20,Oregon,41,36,1
676,3/14/20,Pennsylvania,42,47,0
677,3/14/20,Puerto Rico,72,4,0
678,3/14/20,Rhode Island,44,20,0
679,3/14/20,South Carolina,45,19,0
680,3/14/20,South Dakota,46,9,1
681,3/14/20,Tennessee,47,32,0
682,3/14/20,Texas,48,69,0
683,3/14/20,Utah,49,21,0
684,3/14/20,Vermont,50,5,0
685,3/14/20,Virgin Islands,78,1,0
686,3/14/20,Virginia,51,42,1
687,3/14/20,Washington,53,609,40
688,3/14/20,Wisconsin,55,27,0
689,3/14/20,Wyoming,56,3,0
690,3/15/20,Alabama,1,23,0
691,3/15/20,Alaska,2,1,0
692,3/15/20,Arizona,4,13,0
693,3/15/20,Arkansas,5,16,0
694,3/15/20,California,6,478,6
695,3/15/20,Colorado,8,136,2
696,3/15/20,Connecticut,9,26,0
697,3/15/20,Delaware,10,7,0
698,3/15/20,District of Columbia,11,17,0
699,3/15/20,Florida,12,109,3
700,3/15/20,Georgia,13,97,1
701,3/15/20,Guam,66,3,0
702,3/15/20,Hawaii,15,7,0
703,3/15/20,Idaho,16,5,0
704,3/15/20,Illinois,17,94,0
705,3/15/20,Indiana,18,19,0
706,3/15/20,Iowa,19,22,0
707,3/15/20,Kansas,20,9,1
708,3/15/20,Kentucky,21,21,0
709,3/15/20,Louisiana,22,103,2
710,3/15/20,Maine,23,12,0
711,3/15/20,Maryland,24,32,0
712,3/15/20,Massachusetts,25,164,0
713,3/15/20,Michigan,26,53,0
714,3/15/20,Minnesota,27,35,0
715,3/15/20,Mississippi,28,10,0
716,3/15/20,Missouri,29,5,0
717,3/15/20,Montana,30,6,0
718,3/15/20,Nebraska,31,31,0
719,3/15/20,Nevada,32,26,0
720,3/15/20,New Hampshire,33,13,0
721,3/15/20,New Jersey,34,98,2
722,3/15/20,New Mexico,35,17,0
723,3/15/20,New York,36,732,6
724,3/15/20,North Carolina,37,32,0
725,3/15/20,North Dakota,38,1,0
726,3/15/20,Ohio,39,37,0
727,3/15/20,Oklahoma,40,8,0
728,3/15/20,Oregon,41,39,1
729,3/15/20,Pennsylvania,42,68,0
730,3/15/20,Puerto Rico,72,5,0
731,3/15/20,Rhode Island,44,20,0
732,3/15/20,South Carolina,45,28,0
733,3/15/20,South Dakota,46,9,1
734,3/15/20,Tennessee,47,39,0
735,3/15/20,Texas,48,80,0
736,3/15/20,Utah,49,29,0
737,3/15/20,Vermont,50,8,0
738,3/15/20,Virgin Islands,78,1,0
739,3/15/20,Virginia,51,45,1
740,3/15/20,Washington,53,675,42
741,3/15/20,Wisconsin,55,33,0
742,3/15/20,Wyoming,56,3,0
743,3/16/20,Alabama,1,29,0
744,3/16/20,Alaska,2,3,0
745,3/16/20,Arizona,4,18,0
746,3/16/20,Arkansas,5,22,0
747,3/16/20,California,6,588,11
748,3/16/20,Colorado,8,161,2
749,3/16/20,Connecticut,9,41,0
750,3/16/20,Delaware,10,8,0
751,3/16/20,District of Columbia,11,22,0
752,3/16/20,Florida,12,141,4
753,3/16/20,Georgia,13,118,1
754,3/16/20,Guam,66,3,0
755,3/16/20,Hawaii,15,10,0
756,3/16/20,Idaho,16,5,0
757,3/16/20,Illinois,17,104,0
758,3/16/20,Indiana,18,24,1
759,3/16/20,Iowa,19,22,0
760,3/16/20,Kansas,20,11,1
761,3/16/20,Kentucky,21,22,1
762,3/16/20,Louisiana,22,137,3
763,3/16/20,Maine,23,17,0
764,3/16/20,Maryland,24,39,0
765,3/16/20,Massachusetts,25,197,0
766,3/16/20,Michigan,26,54,0
767,3/16/20,Minnesota,27,54,0
768,3/16/20,Mississippi,28,12,0
769,3/16/20,Missouri,29,9,0
770,3/16/20,Montana,30,8,0
771,3/16/20,Nebraska,31,33,0
772,3/16/20,Nevada,32,45,1
773,3/16/20,New Hampshire,33,17,0
774,3/16/20,New Jersey,34,176,3
775,3/16/20,New Mexico,35,21,0
776,3/16/20,New York,36,950,10
777,3/16/20,North Carolina,37,34,0
778,3/16/20,North Dakota,38,1,0
779,3/16/20,Ohio,39,50,0
780,3/16/20,Oklahoma,40,10,0
781,3/16/20,Oregon,41,46,1
782,3/16/20,Pennsylvania,42,81,0
783,3/16/20,Puerto Rico,72,5,0
784,3/16/20,Rhode Island,44,21,0
785,3/16/20,South Carolina,45,33,1
786,3/16/20,South Dakota,46,10,1
787,3/16/20,Tennessee,47,52,0
788,3/16/20,Texas,48,87,1
789,3/16/20,Utah,49,40,0
790,3/16/20,Vermont,50,12,0
791,3/16/20,Virgin Islands,78,2,0
792,3/16/20,Virginia,51,51,1
793,3/16/20,Washington,53,794,48
794,3/16/20,Wisconsin,55,47,0
795,3/16/20,Wyoming,56,10,0
796,3/17/20,Alabama,1,39,0
797,3/17/20,Alaska,2,6,0
798,3/17/20,Arizona,4,20,0
799,3/17/20,Arkansas,5,22,0
800,3/17/20,California,6,732,14
801,3/17/20,Colorado,8,183,3
802,3/17/20,Connecticut,9,68,0
803,3/17/20,Delaware,10,16,0
804,3/17/20,District of Columbia,11,31,0
805,3/17/20,Florida,12,210,6
806,3/17/20,Georgia,13,142,1
807,3/17/20,Guam,66,3,0
808,3/17/20,Hawaii,15,14,0
809,3/17/20,Idaho,16,9,0
810,3/17/20,Illinois,17,159,1
811,3/17/20,Indiana,18,30,2
812,3/17/20,Iowa,19,29,0
813,3/17/20,Kansas,20,17,1
814,3/17/20,Kentucky,21,26,1
815,3/17/20,Louisiana,22,196,5
816,3/17/20,Maine,23,32,0
817,3/17/20,Maryland,24,57,0
818,3/17/20,Massachusetts,25,218,0
819,3/17/20,Michigan,26,65,0
820,3/17/20,Minnesota,27,60,0
821,3/17/20,Mississippi,28,21,0
822,3/17/20,Missouri,29,16,0
823,3/17/20,Montana,30,8,0
824,3/17/20,Nebraska,31,36,0
825,3/17/20,Nevada,32,55,1
826,3/17/20,New Hampshire,33,26,0
827,3/17/20,New Jersey,34,268,3
828,3/17/20,New Mexico,35,23,0
829,3/17/20,New York,36,1374,17
830,3/17/20,North Carolina,37,42,0
831,3/17/20,North Dakota,38,5,0
832,3/17/20,Ohio,39,67,0
833,3/17/20,Oklahoma,40,18,0
834,3/17/20,Oregon,41,66,2
835,3/17/20,Pennsylvania,42,101,0
836,3/17/20,Puerto Rico,72,5,0
837,3/17/20,Rhode Island,44,23,0
838,3/17/20,South Carolina,45,47,1
839,3/17/20,South Dakota,46,11,1
840,3/17/20,Tennessee,47,73,0
841,3/17/20,Texas,48,106,1
842,3/17/20,Utah,49,51,0
843,3/17/20,Vermont,50,14,0
844,3/17/20,Virgin Islands,78,2,0
845,3/17/20,Virginia,51,67,2
846,3/17/20,Washington,53,908,54
847,3/17/20,West Virginia,54,1,0
848,3/17/20,Wisconsin,55,72,0
849,3/17/20,Wyoming,56,15,0
850,3/18/20,Alabama,1,51,0
851,3/18/20,Alaska,2,9,0
852,3/18/20,Arizona,4,28,0
853,3/18/20,Arkansas,5,33,0
854,3/18/20,California,6,893,17
855,3/18/20,Colorado,8,216,3
856,3/18/20,Connecticut,9,96,1
857,3/18/20,Delaware,10,26,0
858,3/18/20,District of Columbia,11,36,0
859,3/18/20,Florida,12,326,7
860,3/18/20,Georgia,13,193,3
861,3/18/20,Guam,66,8,0
862,3/18/20,Hawaii,15,16,0
863,3/18/20,Idaho,16,11,0
864,3/18/20,Illinois,17,286,1
865,3/18/20,Indiana,18,39,2
866,3/18/20,Iowa,19,38,0
867,3/18/20,Kansas,20,22,1
868,3/18/20,Kentucky,21,35,1
869,3/18/20,Louisiana,22,280,7
870,3/18/20,Maine,23,43,0
871,3/18/20,Maryland,24,85,1
872,3/18/20,Massachusetts,25,256,0
873,3/18/20,Michigan,26,80,1
874,3/18/20,Minnesota,27,77,0
875,3/18/20,Mississippi,28,34,0
876,3/18/20,Missouri,29,21,1
877,3/18/20,Montana,30,12,0
878,3/18/20,Nebraska,31,43,0
879,3/18/20,Nevada,32,82,1
880,3/18/20,New Hampshire,33,39,0
881,3/18/20,New Jersey,34,427,5
882,3/18/20,New Mexico,35,28,0
883,3/18/20,New York,36,2382,27
884,3/18/20,North Carolina,37,66,0
885,3/18/20,North Dakota,38,7,0
886,3/18/20,Ohio,39,90,0
887,3/18/20,Oklahoma,40,29,0
888,3/18/20,Oregon,41,74,3
889,3/18/20,Pennsylvania,42,139,1
890,3/18/20,Puerto Rico,72,5,0
891,3/18/20,Rhode Island,44,33,0
892,3/18/20,South Carolina,45,60,1
893,3/18/20,South Dakota,46,11,1
894,3/18/20,Tennessee,47,98,0
895,3/18/20,Texas,48,166,2
896,3/18/20,Utah,49,65,0
897,3/18/20,Vermont,50,19,0
898,3/18/20,Virgin Islands,78,3,0
899,3/18/20,Virginia,51,78,2
900,3/18/20,Washington,53,1026,68
901,3/18/20,West Virginia,54,2,0
902,3/18/20,Wisconsin,55,106,0
903,3/18/20,Wyoming,56,17,0
904,3/19/20,Alabama,1,78,0
905,3/19/20,Alaska,2,12,0
906,3/19/20,Arizona,4,47,0
907,3/19/20,Arkansas,5,62,0
908,3/19/20,California,6,1067,19
909,3/19/20,Colorado,8,278,5
910,3/19/20,Connecticut,9,159,4
911,3/19/20,Delaware,10,30,0
912,3/19/20,District of Columbia,11,39,0
913,3/19/20,Florida,12,434,8
914,3/19/20,Georgia,13,282,10
915,3/19/20,Guam,66,12,0
916,3/19/20,Hawaii,15,26,0
917,3/19/20,Idaho,16,23,0
918,3/19/20,Illinois,17,420,4
919,3/19/20,Indiana,18,56,2
920,3/19/20,Iowa,19,44,0
921,3/19/20,Kansas,20,35,1
922,3/19/20,Kentucky,21,47,2
923,3/19/20,Louisiana,22,392,10
924,3/19/20,Maine,23,52,0
925,3/19/20,Maryland,24,108,1
926,3/19/20,Massachusetts,25,328,0
927,3/19/20,Michigan,26,334,3
928,3/19/20,Minnesota,27,89,0
929,3/19/20,Mississippi,28,50,1
930,3/19/20,Missouri,29,35,1
931,3/19/20,Montana,30,19,0
932,3/19/20,Nebraska,31,47,0
933,3/19/20,Nevada,32,99,1
934,3/19/20,New Hampshire,33,44,0
935,3/19/20,New Jersey,34,735,9
936,3/19/20,New Mexico,35,35,0
937,3/19/20,New York,36,4152,30
938,3/19/20,North Carolina,37,104,0
939,3/19/20,North Dakota,38,19,0
940,3/19/20,Ohio,39,120,0
941,3/19/20,Oklahoma,40,44,1
942,3/19/20,Oregon,41,87,3
943,3/19/20,Pennsylvania,42,187,1
944,3/19/20,Puerto Rico,72,6,0
945,3/19/20,Rhode Island,44,44,0
946,3/19/20,South Carolina,45,81,1
947,3/19/20,South Dakota,46,14,1
948,3/19/20,Tennessee,47,155,0
949,3/19/20,Texas,48,248,4
950,3/19/20,Utah,49,80,0
951,3/19/20,Vermont,50,22,2
952,3/19/20,Virgin Islands,78,3,0
953,3/19/20,Virginia,51,94,2
954,3/19/20,Washington,53,1228,75
955,3/19/20,West Virginia,54,5,0
956,3/19/20,Wisconsin,55,155,2
957,3/19/20,Wyoming,56,18,0
958,3/20/20,Alabama,1,106,0
959,3/20/20,Alaska,2,14,0
960,3/20/20,Arizona,4,70,1
961,3/20/20,Arkansas,5,100,0
962,3/20/20,California,6,1283,24
963,3/20/20,Colorado,8,364,5
964,3/20/20,Connecticut,9,194,4
965,3/20/20,Delaware,10,39,0
966,3/20/20,District of Columbia,11,71,0
967,3/20/20,Florida,12,564,9
968,3/20/20,Georgia,13,482,14
969,3/20/20,Guam,66,14,0
970,3/20/20,Hawaii,15,37,0
971,3/20/20,Idaho,16,31,0
972,3/20/20,Illinois,17,583,5
973,3/20/20,Indiana,18,79,3
974,3/20/20,Iowa,19,45,0
975,3/20/20,Kansas,20,49,1
976,3/20/20,Kentucky,21,63,2
977,3/20/20,Louisiana,22,537,10
978,3/20/20,Maine,23,57,0
979,3/20/20,Maryland,24,150,2
980,3/20/20,Massachusetts,25,413,1
981,3/20/20,Michigan,26,548,4
982,3/20/20,Minnesota,27,115,0
983,3/20/20,Mississippi,28,80,1
984,3/20/20,Missouri,29,73,3
985,3/20/20,Montana,30,19,0
986,3/20/20,Nebraska,31,53,0
987,3/20/20,Nevada,32,165,2
988,3/20/20,New Hampshire,33,55,0
989,3/20/20,New Jersey,34,896,11
990,3/20/20,New Mexico,35,43,0
991,3/20/20,New York,36,7102,57
992,3/20/20,North Carolina,37,144,0
993,3/20/20,North Dakota,38,27,0
994,3/20/20,Ohio,39,169,1
995,3/20/20,Oklahoma,40,49,1
996,3/20/20,Oregon,41,114,3
997,3/20/20,Pennsylvania,42,269,1
998,3/20/20,Puerto Rico,72,14,0
999,3/20/20,Rhode Island,44,44,0
1000,3/20/20,South Carolina,45,126,3
1001,3/20/20,South Dakota,46,14,1
1002,3/20/20,Tennessee,47,237,0
1003,3/20/20,Texas,48,377,5
1004,3/20/20,Utah,49,112,0
1005,3/20/20,Vermont,50,29,2
1006,3/20/20,Virgin Islands,78,6,0
1007,3/20/20,Virginia,51,115,2
1008,3/20/20,Washington,53,1404,83
1009,3/20/20,West Virginia,54,8,0
1010,3/20/20,Wisconsin,55,216,3
1011,3/20/20,Wyoming,56,22,0
1012,3/21/20,Alabama,1,131,0
1013,3/21/20,Alaska,2,21,0
1014,3/21/20,Arizona,4,104,1
1015,3/21/20,Arkansas,5,118,0
1016,3/21/20,California,6,1544,28
1017,3/21/20,Colorado,8,475,6
1018,3/21/20,Connecticut,9,223,5
1019,3/21/20,Delaware,10,45,0
1020,3/21/20,District of Columbia,11,77,1
1021,3/21/20,Florida,12,764,11
1022,3/21/20,Georgia,13,552,20
1023,3/21/20,Guam,66,15,0
1024,3/21/20,Hawaii,15,48,0
1025,3/21/20,Idaho,16,42,0
1026,3/21/20,Illinois,17,751,6
1027,3/21/20,Indiana,18,126,4
1028,3/21/20,Iowa,19,68,0
1029,3/21/20,Kansas,20,57,2
1030,3/21/20,Kentucky,21,84,3
1031,3/21/20,Louisiana,22,763,16
1032,3/21/20,Maine,23,70,0
1033,3/21/20,Maryland,24,195,3
1034,3/21/20,Massachusetts,25,525,2
1035,3/21/20,Michigan,26,787,6
1036,3/21/20,Minnesota,27,138,1
1037,3/21/20,Mississippi,28,140,1
1038,3/21/20,Missouri,29,93,3
1039,3/21/20,Montana,30,29,0
1040,3/21/20,Nebraska,31,61,0
1041,3/21/20,Nevada,32,165,2
1042,3/21/20,New Hampshire,33,65,0
1043,3/21/20,New Jersey,34,1336,16
1044,3/21/20,New Mexico,35,57,0
1045,3/21/20,New York,36,10356,80
1046,3/21/20,North Carolina,37,184,0
1047,3/21/20,North Dakota,38,28,0
1048,3/21/20,Ohio,39,247,3
1049,3/21/20,Oklahoma,40,53,1
1050,3/21/20,Oregon,41,137,4
1051,3/21/20,Pennsylvania,42,388,2
1052,3/21/20,Puerto Rico,72,21,1
1053,3/21/20,Rhode Island,44,66,0
1054,3/21/20,South Carolina,45,172,3
1055,3/21/20,South Dakota,46,14,1
1056,3/21/20,Tennessee,47,312,2
1057,3/21/20,Texas,48,547,5
1058,3/21/20,Utah,49,138,0
1059,3/21/20,Vermont,50,49,2
1060,3/21/20,Virgin Islands,78,6,0
1061,3/21/20,Virginia,51,152,3
1062,3/21/20,Washington,53,1655,95
1063,3/21/20,West Virginia,54,12,0
1064,3/21/20,Wisconsin,55,281,4
1065,3/21/20,Wyoming,56,24,0
1066,3/22/20,Alabama,1,157,0
1067,3/22/20,Alaska,2,22,0
1068,3/22/20,Arizona,4,153,2
1069,3/22/20,Arkansas,5,165,0
1070,3/22/20,California,6,1851,35
1071,3/22/20,Colorado,8,591,7
1072,3/22/20,Connecticut,9,327,8
1073,3/22/20,Delaware,10,56,0
1074,3/22/20,District of Columbia,11,98,1
1075,3/22/20,Florida,12,1000,13
1076,3/22/20,Georgia,13,620,25
1077,3/22/20,Guam,66,27,1
1078,3/22/20,Hawaii,15,56,0
1079,3/22/20,Idaho,16,47,0
1080,3/22/20,Illinois,17,1047,9
1081,3/22/20,Indiana,18,201,6
1082,3/22/20,Iowa,19,90,0
1083,3/22/20,Kansas,20,66,2
1084,3/22/20,Kentucky,21,103,3
1085,3/22/20,Louisiana,22,837,20
1086,3/22/20,Maine,23,89,0
1087,3/22/20,Maryland,24,245,3
1088,3/22/20,Massachusetts,25,646,5
1089,3/22/20,Michigan,26,1033,9
1090,3/22/20,Minnesota,27,171,1
1091,3/22/20,Mississippi,28,207,1
1092,3/22/20,Missouri,29,130,3
1093,3/22/20,Montana,30,34,0
1094,3/22/20,Nebraska,31,62,0
1095,3/22/20,Nevada,32,190,2
1096,3/22/20,New Hampshire,33,78,0
1097,3/22/20,New Jersey,34,1914,20
1098,3/22/20,New Mexico,35,65,0
1099,3/22/20,New York,36,15168,122
1100,3/22/20,North Carolina,37,269,0
1101,3/22/20,North Dakota,38,30,0
1102,3/22/20,Ohio,39,351,3
1103,3/22/20,Oklahoma,40,67,2
1104,3/22/20,Oregon,41,161,5
1105,3/22/20,Pennsylvania,42,504,3
1106,3/22/20,Puerto Rico,72,23,1
1107,3/22/20,Rhode Island,44,83,0
1108,3/22/20,South Carolina,45,194,3
1109,3/22/20,South Dakota,46,21,1
1110,3/22/20,Tennessee,47,424,2
1111,3/22/20,Texas,48,632,7
1112,3/22/20,Utah,49,182,1
1113,3/22/20,Vermont,50,52,2
1114,3/22/20,Virgin Islands,78,17,0
1115,3/22/20,Virginia,51,219,6
1116,3/22/20,Washington,53,1844,97
1117,3/22/20,West Virginia,54,16,0
1118,3/22/20,Wisconsin,55,382,4
1119,3/22/20,Wyoming,56,26,0
1120,3/23/20,Alabama,1,196,0
1121,3/23/20,Alaska,2,36,0
1122,3/23/20,Arizona,4,234,2
1123,3/23/20,Arkansas,5,201,0
1124,3/23/20,California,6,2240,39
1125,3/23/20,Colorado,8,721,10
1126,3/23/20,Connecticut,9,415,10
1127,3/23/20,Delaware,10,87,0
1128,3/23/20,District of Columbia,11,116,2
1129,3/23/20,Florida,12,1222,18
1130,3/23/20,Georgia,13,800,25
1131,3/23/20,Guam,66,29,1
1132,3/23/20,Hawaii,15,77,0
1133,3/23/20,Idaho,16,50,0
1134,3/23/20,Illinois,17,1285,12
1135,3/23/20,Indiana,18,259,7
1136,3/23/20,Iowa,19,105,0
1137,3/23/20,Kansas,20,82,2
1138,3/23/20,Kentucky,21,124,3
1139,3/23/20,Louisiana,22,1172,34
1140,3/23/20,Maine,23,107,0
1141,3/23/20,Maryland,24,290,3
1142,3/23/20,Massachusetts,25,777,5
1143,3/23/20,Michigan,26,1324,16
1144,3/23/20,Minnesota,27,235,1
1145,3/23/20,Mississippi,28,249,1
1146,3/23/20,Missouri,29,183,4
1147,3/23/20,Montana,30,45,0
1148,3/23/20,Nebraska,31,73,0
1149,3/23/20,Nevada,32,265,4
1150,3/23/20,New Hampshire,33,101,1
1151,3/23/20,New Jersey,34,2844,27
1152,3/23/20,New Mexico,35,83,0
1153,3/23/20,New York,36,20875,159
1154,3/23/20,North Carolina,37,303,0
1155,3/23/20,North Dakota,38,32,0
1156,3/23/20,Ohio,39,444,6
1157,3/23/20,Oklahoma,40,81,2
1158,3/23/20,Oregon,41,191,5
1159,3/23/20,Pennsylvania,42,644,6
1160,3/23/20,Puerto Rico,72,31,2
1161,3/23/20,Rhode Island,44,106,0
1162,3/23/20,South Carolina,45,299,5
1163,3/23/20,South Dakota,46,28,1
1164,3/23/20,Tennessee,47,522,2
1165,3/23/20,Texas,48,728,7
1166,3/23/20,Utah,49,257,1
1167,3/23/20,Vermont,50,75,2
1168,3/23/20,Virgin Islands,78,17,0
1169,3/23/20,Virginia,51,254,6
1170,3/23/20,Washington,53,2101,110
1171,3/23/20,West Virginia,54,16,0
1172,3/23/20,Wisconsin,55,418,5
1173,3/23/20,Wyoming,56,28,0
1174,3/24/20,Alabama,1,242,0
1175,3/24/20,Alaska,2,42,0
1176,3/24/20,Arizona,4,326,6
1177,3/24/20,Arkansas,5,232,2
1178,3/24/20,California,6,2644,52
1179,3/24/20,Colorado,8,912,11
1180,3/24/20,Connecticut,9,618,12
1181,3/24/20,Delaware,10,104,0
1182,3/24/20,District of Columbia,11,137,2
1183,3/24/20,Florida,12,1467,19
1184,3/24/20,Georgia,13,1097,38
1185,3/24/20,Guam,66,32,1
1186,3/24/20,Hawaii,15,90,0
1187,3/24/20,Idaho,16,73,0
1188,3/24/20,Illinois,17,1535,16
1189,3/24/20,Indiana,18,366,12
1190,3/24/20,Iowa,19,124,1
1191,3/24/20,Kansas,20,99,3
1192,3/24/20,Kentucky,21,157,3
1193,3/24/20,Louisiana,22,1388,46
1194,3/24/20,Maine,23,118,0
1195,3/24/20,Maryland,24,349,4
1196,3/24/20,Massachusetts,25,1159,11
1197,3/24/20,Michigan,26,1791,24
1198,3/24/20,Minnesota,27,262,1
1199,3/24/20,Mississippi,28,320,1
1200,3/24/20,Missouri,29,255,5
1201,3/24/20,Montana,30,51,0
1202,3/24/20,Nebraska,31,77,0
1203,3/24/20,Nevada,32,315,6
1204,3/24/20,New Hampshire,33,108,1
1205,3/24/20,New Jersey,34,3675,44
1206,3/24/20,New Mexico,35,100,0
1207,3/24/20,New York,36,25665,218
1208,3/24/20,North Carolina,37,399,0
1209,3/24/20,North Dakota,38,36,0
1210,3/24/20,Ohio,39,564,8
1211,3/24/20,Oklahoma,40,106,3
1212,3/24/20,Oregon,41,209,8
1213,3/24/20,Pennsylvania,42,851,7
1214,3/24/20,Puerto Rico,72,39,2
1215,3/24/20,Rhode Island,44,124,0
1216,3/24/20,South Carolina,45,342,7
1217,3/24/20,South Dakota,46,30,1
1218,3/24/20,Tennessee,47,679,2
1219,3/24/20,Texas,48,857,11
1220,3/24/20,Utah,49,298,1
1221,3/24/20,Vermont,50,95,7
1222,3/24/20,Virgin Islands,78,17,0
1223,3/24/20,Virginia,51,290,7
1224,3/24/20,Washington,53,2469,123
1225,3/24/20,West Virginia,54,39,0
1226,3/24/20,Wisconsin,55,481,5
1227,3/24/20,Wyoming,56,37,0
1228,3/25/20,Alabama,1,386,1
1229,3/25/20,Alaska,2,59,0
1230,3/25/20,Arizona,4,402,6
1231,3/25/20,Arkansas,5,308,2
1232,3/25/20,California,6,3183,67
1233,3/25/20,Colorado,8,1086,19
1234,3/25/20,Connecticut,9,875,19
1235,3/25/20,Delaware,10,119,0
1236,3/25/20,District of Columbia,11,183,2
1237,3/25/20,Florida,12,1965,23
1238,3/25/20,Georgia,13,1387,47
1239,3/25/20,Guam,66,32,1
1240,3/25/20,Hawaii,15,95,0
1241,3/25/20,Idaho,16,123,0
1242,3/25/20,Illinois,17,1875,21
1243,3/25/20,Indiana,18,479,14
1244,3/25/20,Iowa,19,145,1
1245,3/25/20,Kansas,20,132,3
1246,3/25/20,Kentucky,21,198,5
1247,3/25/20,Louisiana,22,1795,65
1248,3/25/20,Maine,23,142,0
1249,3/25/20,Maryland,24,423,4
1250,3/25/20,Massachusetts,25,1838,15
1251,3/25/20,Michigan,26,2294,43
1252,3/25/20,Minnesota,27,287,1
1253,3/25/20,Mississippi,28,377,5
1254,3/25/20,Missouri,29,377,8
1255,3/25/20,Montana,30,65,0
1256,3/25/20,Nebraska,31,84,0
1257,3/25/20,Nevada,32,405,10
1258,3/25/20,New Hampshire,33,137,1
1259,3/25/20,New Jersey,34,4402,62
1260,3/25/20,New Mexico,35,112,1
1261,3/25/20,New York,36,33066,325
1262,3/25/20,North Carolina,37,563,1
1263,3/25/20,North Dakota,38,45,0
1264,3/25/20,Ohio,39,706,11
1265,3/25/20,Oklahoma,40,164,5
1266,3/25/20,Oregon,41,266,10
1267,3/25/20,Pennsylvania,42,1151,11
1268,3/25/20,Puerto Rico,72,51,2
1269,3/25/20,Rhode Island,44,132,0
1270,3/25/20,South Carolina,45,424,7
1271,3/25/20,South Dakota,46,41,1
1272,3/25/20,Tennessee,47,806,3
1273,3/25/20,Texas,48,1119,12
1274,3/25/20,Utah,49,346,1
1275,3/25/20,Vermont,50,123,8
1276,3/25/20,Virgin Islands,78,17,0
1277,3/25/20,Virginia,51,391,9
1278,3/25/20,Washington,53,2585,130
1279,3/25/20,West Virginia,54,51,0
1280,3/25/20,Wisconsin,55,623,7
1281,3/25/20,Wyoming,56,49,0
1282,3/26/20,Alabama,1,538,3
1283,3/26/20,Alaska,2,69,0
1284,3/26/20,Arizona,4,508,8
1285,3/26/20,Arkansas,5,351,3
1286,3/26/20,California,6,4060,82
1287,3/26/20,Colorado,8,1432,24
1288,3/26/20,Connecticut,9,1012,21
1289,3/26/20,Delaware,10,143,1
1290,3/26/20,District of Columbia,11,231,3
1291,3/26/20,Florida,12,2477,29
1292,3/26/20,Georgia,13,1643,56
1293,3/26/20,Guam,66,49,1
1294,3/26/20,Hawaii,15,106,0
1295,3/26/20,Idaho,16,189,3
1296,3/26/20,Illinois,17,2538,26
1297,3/26/20,Indiana,18,656,18
1298,3/26/20,Iowa,19,179,1
1299,3/26/20,Kansas,20,171,3
1300,3/26/20,Kentucky,21,248,5
1301,3/26/20,Louisiana,22,2305,83
1302,3/26/20,Maine,23,155,0
1303,3/26/20,Maryland,24,581,4
1304,3/26/20,Massachusetts,25,2417,25
1305,3/26/20,Michigan,26,2878,63
1306,3/26/20,Minnesota,27,346,2
1307,3/26/20,Mississippi,28,487,6
1308,3/26/20,Missouri,29,507,8
1309,3/26/20,Montana,30,90,0
1310,3/26/20,Nebraska,31,92,0
1311,3/26/20,Nevada,32,535,10
1312,3/26/20,New Hampshire,33,158,1
1313,3/26/20,New Jersey,34,6876,81
1314,3/26/20,New Mexico,35,136,1
1315,3/26/20,New York,36,38987,432
1316,3/26/20,North Carolina,37,638,2
1317,3/26/20,North Dakota,38,58,0
1318,3/26/20,Ohio,39,867,15
1319,3/26/20,Oklahoma,40,248,7
1320,3/26/20,Oregon,41,316,11
1321,3/26/20,Pennsylvania,42,1690,16
1322,3/26/20,Puerto Rico,72,64,2
1323,3/26/20,Rhode Island,44,165,0
1324,3/26/20,South Carolina,45,456,9
1325,3/26/20,South Dakota,46,46,1
1326,3/26/20,Tennessee,47,981,3
1327,3/26/20,Texas,48,1543,21
1328,3/26/20,Utah,49,402,1
1329,3/26/20,Vermont,50,158,9
1330,3/26/20,Virgin Islands,78,17,0
1331,3/26/20,Virginia,51,604,14
1332,3/26/20,Washington,53,3208,151
1333,3/26/20,West Virginia,54,76,0
1334,3/26/20,Wisconsin,55,754,10
1335,3/26/20,Wyoming,56,56,0
1336,3/27/20,Alabama,1,639,4
1337,3/27/20,Alaska,2,85,1
1338,3/27/20,Arizona,4,665,15
1339,3/27/20,Arkansas,5,386,3
1340,3/27/20,California,6,4914,102
1341,3/27/20,Colorado,8,1735,31
1342,3/27/20,Connecticut,9,1291,27
1343,3/27/20,Delaware,10,165,2
1344,3/27/20,District of Columbia,11,267,3
1345,3/27/20,Florida,12,3198,46
1346,3/27/20,Georgia,13,2198,64
1347,3/27/20,Guam,66,53,1
1348,3/27/20,Hawaii,15,120,0
1349,3/27/20,Idaho,16,231,4
1350,3/27/20,Illinois,17,3029,37
1351,3/27/20,Indiana,18,982,26
1352,3/27/20,Iowa,19,235,3
1353,3/27/20,Kansas,20,212,4
1354,3/27/20,Kentucky,21,302,8
1355,3/27/20,Louisiana,22,2746,119
1356,3/27/20,Maine,23,168,1
1357,3/27/20,Maryland,24,775,5
1358,3/27/20,Massachusetts,25,3240,35
1359,3/27/20,Michigan,26,3657,93
1360,3/27/20,Minnesota,27,398,4
1361,3/27/20,Mississippi,28,579,8
1362,3/27/20,Missouri,29,671,9
1363,3/27/20,Montana,30,121,1
1364,3/27/20,Nebraska,31,100,2
1365,3/27/20,Nevada,32,621,10
1366,3/27/20,New Hampshire,33,187,2
1367,3/27/20,New Jersey,34,8825,108
1368,3/27/20,New Mexico,35,191,1
1369,3/27/20,New York,36,44635,535
1370,3/27/20,North Carolina,37,783,3
1371,3/27/20,North Dakota,38,68,1
1372,3/27/20,Ohio,39,1144,22
1373,3/27/20,Oklahoma,40,322,8
1374,3/27/20,Oregon,41,414,12
1375,3/27/20,Pennsylvania,42,2218,23
1376,3/27/20,Puerto Rico,72,79,3
1377,3/27/20,Rhode Island,44,203,0
1378,3/27/20,South Carolina,45,539,13
1379,3/27/20,South Dakota,46,58,1
1380,3/27/20,Tennessee,47,1180,6
1381,3/27/20,Texas,48,1942,23
1382,3/27/20,Utah,49,480,2
1383,3/27/20,Vermont,50,184,10
1384,3/27/20,Virgin Islands,78,19,0
1385,3/27/20,Virginia,51,606,14
1386,3/27/20,Washington,53,3770,177
1387,3/27/20,West Virginia,54,96,0
1388,3/27/20,Wisconsin,55,930,16
1389,3/27/20,Wyoming,56,73,0
1390,3/28/20,Alabama,1,720,4
1391,3/28/20,Alaska,2,102,1
1392,3/28/20,Arizona,4,773,15
1393,3/28/20,Arkansas,5,409,5
1394,3/28/20,California,6,5565,121
1395,3/28/20,Colorado,8,2061,44
1396,3/28/20,Connecticut,9,1524,33
1397,3/28/20,Delaware,10,214,5
1398,3/28/20,District of Columbia,11,304,4
1399,3/28/20,Florida,12,4038,56
1400,3/28/20,Georgia,13,2447,79
1401,3/28/20,Guam,66,57,1
1402,3/28/20,Hawaii,15,151,0
1403,3/28/20,Idaho,16,261,5
1404,3/28/20,Illinois,17,3547,50
1405,3/28/20,Indiana,18,1232,31
1406,3/28/20,Iowa,19,298,3
1407,3/28/20,Kansas,20,271,6
1408,3/28/20,Kentucky,21,394,9
1409,3/28/20,Louisiana,22,3315,137
1410,3/28/20,Maine,23,211,1
1411,3/28/20,Maryland,24,1066,10
1412,3/28/20,Massachusetts,25,4257,44
1413,3/28/20,Michigan,26,4635,111
1414,3/28/20,Minnesota,27,441,5
1415,3/28/20,Mississippi,28,669,13
1416,3/28/20,Missouri,29,838,10
1417,3/28/20,Montana,30,147,1
1418,3/28/20,Nebraska,31,122,2
1419,3/28/20,Nevada,32,738,14
1420,3/28/20,New Hampshire,33,214,2
1421,3/28/20,New Jersey,34,11124,140
1422,3/28/20,New Mexico,35,208,2
1423,3/28/20,New York,36,53363,782
1424,3/28/20,North Carolina,37,972,4
1425,3/28/20,North Dakota,38,94,1
1426,3/28/20,Northern Mariana Islands,69,2,0
1427,3/28/20,Ohio,39,1406,25
1428,3/28/20,Oklahoma,40,377,15
1429,3/28/20,Oregon,41,479,13
1430,3/28/20,Pennsylvania,42,2815,35
1431,3/28/20,Puerto Rico,72,100,3
1432,3/28/20,Rhode Island,44,239,2
1433,3/28/20,South Carolina,45,660,15
1434,3/28/20,South Dakota,46,68,1
1435,3/28/20,Tennessee,47,1364,6
1436,3/28/20,Texas,48,2161,29
1437,3/28/20,Utah,49,608,2
1438,3/28/20,Vermont,50,211,12
1439,3/28/20,Virgin Islands,78,19,0
1440,3/28/20,Virginia,51,740,17
1441,3/28/20,Washington,53,4311,191
1442,3/28/20,West Virginia,54,113,0
1443,3/28/20,Wisconsin,55,1042,17
1444,3/28/20,Wyoming,56,84,0
1445,3/29/20,Alabama,1,830,5
1446,3/29/20,Alaska,2,114,1
1447,3/29/20,Arizona,4,929,18
1448,3/29/20,Arkansas,5,449,6
1449,3/29/20,California,6,6266,130
1450,3/29/20,Colorado,8,2315,47
1451,3/29/20,Connecticut,9,1993,34
1452,3/29/20,Delaware,10,232,6
1453,3/29/20,District of Columbia,11,342,5
1454,3/29/20,Florida,12,4942,59
1455,3/29/20,Georgia,13,2683,83
1456,3/29/20,Guam,66,58,1
1457,3/29/20,Hawaii,15,175,0
1458,3/29/20,Idaho,16,310,6
1459,3/29/20,Illinois,17,4613,70
1460,3/29/20,Indiana,18,1514,32
1461,3/29/20,Iowa,19,336,4
1462,3/29/20,Kansas,20,332,7
1463,3/29/20,Kentucky,21,439,9
1464,3/29/20,Louisiana,22,3540,152
1465,3/29/20,Maine,23,253,3
1466,3/29/20,Maryland,24,1244,11
1467,3/29/20,Massachusetts,25,4955,48
1468,3/29/20,Michigan,26,5486,132
1469,3/29/20,Minnesota,27,504,9
1470,3/29/20,Mississippi,28,759,14
1471,3/29/20,Missouri,29,903,12
1472,3/29/20,Montana,30,161,1
1473,3/29/20,Nebraska,31,137,2
1474,3/29/20,Nevada,32,920,15
1475,3/29/20,New Hampshire,33,258,3
1476,3/29/20,New Jersey,34,13386,161
1477,3/29/20,New Mexico,35,237,2
1478,3/29/20,New York,36,59568,965
1479,3/29/20,North Carolina,37,1167,6
1480,3/29/20,North Dakota,38,98,1
1481,3/29/20,Northern Mariana Islands,69,2,0
1482,3/29/20,Ohio,39,1665,30
1483,3/29/20,Oklahoma,40,429,16
1484,3/29/20,Oregon,41,548,13
1485,3/29/20,Pennsylvania,42,3441,40
1486,3/29/20,Puerto Rico,72,127,5
1487,3/29/20,Rhode Island,44,294,3
1488,3/29/20,South Carolina,45,774,16
1489,3/29/20,South Dakota,46,90,1
1490,3/29/20,Tennessee,47,1570,7
1491,3/29/20,Texas,48,2712,35
1492,3/29/20,Utah,49,719,2
1493,3/29/20,Vermont,50,235,12
1494,3/29/20,Virgin Islands,78,23,0
1495,3/29/20,Virginia,51,890,22
1496,3/29/20,Washington,53,4896,207
1497,3/29/20,West Virginia,54,124,1
1498,3/29/20,Wisconsin,55,1120,17
1499,3/29/20,Wyoming,56,87,0
1500,3/30/20,Alabama,1,947,11
1501,3/30/20,Alaska,2,119,2
1502,3/30/20,Arizona,4,1169,20
1503,3/30/20,Arkansas,5,508,7
1504,3/30/20,California,6,7421,146
1505,3/30/20,Colorado,8,2628,51
1506,3/30/20,Connecticut,9,2571,36
1507,3/30/20,Delaware,10,264,7
1508,3/30/20,District of Columbia,11,401,9
1509,3/30/20,Florida,12,5694,71
1510,3/30/20,Georgia,13,3032,102
1511,3/30/20,Guam,66,60,1
1512,3/30/20,Hawaii,15,204,0
1513,3/30/20,Idaho,16,415,7
1514,3/30/20,Illinois,17,5070,84
1515,3/30/20,Indiana,18,1788,35
1516,3/30/20,Iowa,19,424,6
1517,3/30/20,Kansas,20,373,9
1518,3/30/20,Kentucky,21,480,11
1519,3/30/20,Louisiana,22,4025,186
1520,3/30/20,Maine,23,275,3
1521,3/30/20,Maryland,24,1414,15
1522,3/30/20,Massachusetts,25,5752,61
1523,3/30/20,Michigan,26,6508,197
1524,3/30/20,Minnesota,27,576,10
1525,3/30/20,Mississippi,28,848,16
1526,3/30/20,Missouri,29,1050,13
1527,3/30/20,Montana,30,177,4
1528,3/30/20,Nebraska,31,185,3
1529,3/30/20,Nevada,32,1044,18
1530,3/30/20,New Hampshire,33,314,3
1531,3/30/20,New Jersey,34,16636,199
1532,3/30/20,New Mexico,35,281,4
1533,3/30/20,New York,36,67174,1224
1534,3/30/20,North Carolina,37,1304,6
1535,3/30/20,North Dakota,38,109,3
1536,3/30/20,Northern Mariana Islands,69,2,0
1537,3/30/20,Ohio,39,1933,40
1538,3/30/20,Oklahoma,40,481,17
1539,3/30/20,Oregon,41,606,16
1540,3/30/20,Pennsylvania,42,4156,48
1541,3/30/20,Puerto Rico,72,174,6
1542,3/30/20,Rhode Island,44,408,4
1543,3/30/20,South Carolina,45,925,18
1544,3/30/20,South Dakota,46,101,1
1545,3/30/20,Tennessee,47,1721,13
1546,3/30/20,Texas,48,3043,46
1547,3/30/20,Utah,49,806,4
1548,3/30/20,Vermont,50,256,12
1549,3/30/20,Virgin Islands,78,30,0
1550,3/30/20,Virginia,51,1021,26
1551,3/30/20,Washington,53,5179,221
1552,3/30/20,West Virginia,54,145,1
1553,3/30/20,Wisconsin,55,1267,20
1554,3/30/20,Wyoming,56,95,0
1555,3/31/20,Alabama,1,999,13
1556,3/31/20,Alaska,2,133,2
1557,3/31/20,Arizona,4,1298,24
1558,3/31/20,Arkansas,5,564,8
1559,3/31/20,California,6,8582,183
1560,3/31/20,Colorado,8,2990,69
1561,3/31/20,Connecticut,9,3128,69
1562,3/31/20,Delaware,10,319,10
1563,3/31/20,District of Columbia,11,495,9
1564,3/31/20,Florida,12,6741,85
1565,3/31/20,Georgia,13,4117,125
1566,3/31/20,Guam,66,139,2
1567,3/31/20,Hawaii,15,224,1
1568,3/31/20,Idaho,16,526,9
1569,3/31/20,Illinois,17,5994,107
1570,3/31/20,Indiana,18,2159,50
1571,3/31/20,Iowa,19,498,7
1572,3/31/20,Kansas,20,434,10
1573,3/31/20,Kentucky,21,590,18
1574,3/31/20,Louisiana,22,5237,240
1575,3/31/20,Maine,23,303,5
1576,3/31/20,Maryland,24,1662,18
1577,3/31/20,Massachusetts,25,6620,89
1578,3/31/20,Michigan,26,7630,264
1579,3/31/20,Minnesota,27,629,12
1580,3/31/20,Mississippi,28,937,20
1581,3/31/20,Missouri,29,1351,15
1582,3/31/20,Montana,30,198,5
1583,3/31/20,Nebraska,31,193,4
1584,3/31/20,Nevada,32,1113,26
1585,3/31/20,New Hampshire,33,367,3
1586,3/31/20,New Jersey,34,18696,267
1587,3/31/20,New Mexico,35,315,5
1588,3/31/20,New York,36,75832,1550
1589,3/31/20,North Carolina,37,1528,10
1590,3/31/20,North Dakota,38,126,3
1591,3/31/20,Northern Mariana Islands,69,2,0
1592,3/31/20,Ohio,39,2199,55
1593,3/31/20,Oklahoma,40,566,23
1594,3/31/20,Oregon,41,690,18
1595,3/31/20,Pennsylvania,42,4997,72
1596,3/31/20,Puerto Rico,72,239,8
1597,3/31/20,Rhode Island,44,488,8
1598,3/31/20,South Carolina,45,1083,22
1599,3/31/20,South Dakota,46,108,1
1600,3/31/20,Tennessee,47,2049,13
1601,3/31/20,Texas,48,3576,57
1602,3/31/20,Utah,49,887,5
1603,3/31/20,Vermont,50,293,13
1604,3/31/20,Virgin Islands,78,30,0
1605,3/31/20,Virginia,51,1250,27
1606,3/31/20,Washington,53,5292,226
1607,3/31/20,West Virginia,54,162,1
1608,3/31/20,Wisconsin,55,1351,25
1609,3/31/20,Wyoming,56,120,0
1610,4/1/20,Alabama,1,1106,28
1611,4/1/20,Alaska,2,143,2
1612,4/1/20,Arizona,4,1413,29
1613,4/1/20,Arkansas,5,624,10
1614,4/1/20,California,6,9816,212
1615,4/1/20,Colorado,8,3346,80
1616,4/1/20,Connecticut,9,3557,85
1617,4/1/20,Delaware,10,368,11
1618,4/1/20,District of Columbia,11,586,11
1619,4/1/20,Florida,12,7765,100
1620,4/1/20,Georgia,13,4748,154
1621,4/1/20,Guam,66,147,3
1622,4/1/20,Hawaii,15,258,1
1623,4/1/20,Idaho,16,669,9
1624,4/1/20,Illinois,17,6980,146
1625,4/1/20,Indiana,18,2565,65
1626,4/1/20,Iowa,19,549,9
1627,4/1/20,Kansas,20,488,11
1628,4/1/20,Kentucky,21,682,20
1629,4/1/20,Louisiana,22,6424,273
1630,4/1/20,Maine,23,344,7
1631,4/1/20,Maryland,24,1985,33
1632,4/1/20,Massachusetts,25,7738,122
1633,4/1/20,Michigan,26,9293,336
1634,4/1/20,Minnesota,27,689,17
1635,4/1/20,Mississippi,28,1073,22
1636,4/1/20,Missouri,29,1581,18
1637,4/1/20,Montana,30,217,5
1638,4/1/20,Nebraska,31,249,5
1639,4/1/20,Nevada,32,1279,32
1640,4/1/20,New Hampshire,33,415,4
1641,4/1/20,New Jersey,34,22255,355
1642,4/1/20,New Mexico,35,363,6
1643,4/1/20,New York,36,83889,1941
1644,4/1/20,North Carolina,37,1582,11
1645,4/1/20,North Dakota,38,147,3
1646,4/1/20,Northern Mariana Islands,69,6,1
1647,4/1/20,Ohio,39,2547,65
1648,4/1/20,Oklahoma,40,719,30
1649,4/1/20,Oregon,41,736,19
1650,4/1/20,Pennsylvania,42,5805,74
1651,4/1/20,Puerto Rico,72,286,11
1652,4/1/20,Rhode Island,44,566,10
1653,4/1/20,South Carolina,45,1293,26
1654,4/1/20,South Dakota,46,129,2
1655,4/1/20,Tennessee,47,2690,23
1656,4/1/20,Texas,48,4261,63
1657,4/1/20,Utah,49,1012,7
1658,4/1/20,Vermont,50,321,16
1659,4/1/20,Virgin Islands,78,30,0
1660,4/1/20,Virginia,51,1511,34
1661,4/1/20,Washington,53,5588,249
1662,4/1/20,West Virginia,54,191,2
1663,4/1/20,Wisconsin,55,1550,33
1664,4/1/20,Wyoming,56,137,0
1665,4/2/20,Alabama,1,1270,32
1666,4/2/20,Alaska,2,146,2
1667,4/2/20,Arizona,4,1600,35
1668,4/2/20,Arkansas,5,683,12
1669,4/2/20,California,6,11190,247
1670,4/2/20,Colorado,8,3728,96
1671,4/2/20,Connecticut,9,3824,112
1672,4/2/20,Delaware,10,393,12
1673,4/2/20,District of Columbia,11,653,12
1674,4/2/20,Florida,12,9000,144
1675,4/2/20,Georgia,13,5444,176
1676,4/2/20,Guam,66,152,3
1677,4/2/20,Hawaii,15,283,2
1678,4/2/20,Idaho,16,891,9
1679,4/2/20,Illinois,17,7695,165
1680,4/2/20,Indiana,18,3039,78
1681,4/2/20,Iowa,19,614,11
1682,4/2/20,Kansas,20,554,14
1683,4/2/20,Kentucky,21,755,34
1684,4/2/20,Louisiana,22,9150,310
1685,4/2/20,Maine,23,376,7
1686,4/2/20,Maryland,24,2331,36
1687,4/2/20,Massachusetts,25,8966,154
1688,4/2/20,Michigan,26,10791,417
1689,4/2/20,Minnesota,27,742,18
1690,4/2/20,Mississippi,28,1177,26
1691,4/2/20,Missouri,29,1834,24
1692,4/2/20,Montana,30,241,5
1693,4/2/20,Nebraska,31,273,6
1694,4/2/20,Nevada,32,1458,38
1695,4/2/20,New Hampshire,33,479,5
1696,4/2/20,New Jersey,34,25590,539
1697,4/2/20,New Mexico,35,403,7
1698,4/2/20,New York,36,92770,2653
1699,4/2/20,North Carolina,37,1857,17
1700,4/2/20,North Dakota,38,159,3
1701,4/2/20,Northern Mariana Islands,69,8,1
1702,4/2/20,Ohio,39,2902,81
1703,4/2/20,Oklahoma,40,879,34
1704,4/2/20,Oregon,41,826,21
1705,4/2/20,Pennsylvania,42,7016,90
1706,4/2/20,Puerto Rico,72,316,12
1707,4/2/20,Rhode Island,44,657,12
1708,4/2/20,South Carolina,45,1554,31
1709,4/2/20,South Dakota,46,165,2
1710,4/2/20,Tennessee,47,2869,32
1711,4/2/20,Texas,48,4880,79
1712,4/2/20,Utah,49,1074,7
1713,4/2/20,Vermont,50,338,17
1714,4/2/20,Virgin Islands,78,37,0
1715,4/2/20,Virginia,51,1706,41
1716,4/2/20,Washington,53,6585,272
1717,4/2/20,West Virginia,54,217,2
1718,4/2/20,Wisconsin,55,1730,37
1719,4/2/20,Wyoming,56,153,0
1720,4/3/20,Alabama,1,1535,38
1721,4/3/20,Alaska,2,156,2
1722,4/3/20,Arizona,4,1769,41
1723,4/3/20,Arkansas,5,738,12
1724,4/3/20,California,6,12569,282
1725,4/3/20,Colorado,8,4182,110
1726,4/3/20,Connecticut,9,4915,132
1727,4/3/20,Delaware,10,450,14
1728,4/3/20,District of Columbia,11,757,15
1729,4/3/20,Florida,12,10260,169
1730,4/3/20,Georgia,13,5967,198
1731,4/3/20,Guam,66,154,4
1732,4/3/20,Hawaii,15,317,3
1733,4/3/20,Idaho,16,1013,10
1734,4/3/20,Illinois,17,8904,211
1735,4/3/20,Indiana,18,3437,102
1736,4/3/20,Iowa,19,699,11
1737,4/3/20,Kansas,20,624,19
1738,4/3/20,Kentucky,21,770,34
1739,4/3/20,Louisiana,22,10297,370
1740,4/3/20,Maine,23,432,9
1741,4/3/20,Maryland,24,2758,42
1742,4/3/20,Massachusetts,25,10402,192
1743,4/3/20,Michigan,26,12670,478
1744,4/3/20,Minnesota,27,789,22
1745,4/3/20,Mississippi,28,1358,29
1746,4/3/20,Missouri,29,2113,31
1747,4/3/20,Montana,30,262,5
1748,4/3/20,Nebraska,31,296,6
1749,4/3/20,Nevada,32,1549,43
1750,4/3/20,New Hampshire,33,540,7
1751,4/3/20,New Jersey,34,29895,647
1752,4/3/20,New Mexico,35,495,10
1753,4/3/20,New York,36,102870,2935
1754,4/3/20,North Carolina,37,2093,19
1755,4/3/20,North Dakota,38,173,3
1756,4/3/20,Northern Mariana Islands,69,8,1
1757,4/3/20,Ohio,39,3312,91
1758,4/3/20,Oklahoma,40,988,38
1759,4/3/20,Oregon,41,899,22
1760,4/3/20,Pennsylvania,42,8420,102
1761,4/3/20,Puerto Rico,72,378,15
1762,4/3/20,Rhode Island,44,711,14
1763,4/3/20,South Carolina,45,1700,34
1764,4/3/20,South Dakota,46,187,2
1765,4/3/20,Tennessee,47,3032,36
1766,4/3/20,Texas,48,5669,97
1767,4/3/20,Utah,49,1260,7
1768,4/3/20,Vermont,50,389,17
1769,4/3/20,Virgin Islands,78,38,0
1770,4/3/20,Virginia,51,2012,46
1771,4/3/20,Washington,53,6966,293
1772,4/3/20,West Virginia,54,242,2
1773,4/3/20,Wisconsin,55,1916,49
1774,4/3/20,Wyoming,56,166,0
1775,4/4/20,Alabama,1,1633,44
1776,4/4/20,Alaska,2,169,3
1777,4/4/20,Arizona,4,2019,53
1778,4/4/20,Arkansas,5,743,14
1779,4/4/20,California,6,13796,323
1780,4/4/20,Colorado,8,4574,126
1781,4/4/20,Connecticut,9,5276,165
1782,4/4/20,Delaware,10,593,14
1783,4/4/20,District of Columbia,11,902,21
1784,4/4/20,Florida,12,11537,194
1785,4/4/20,Georgia,13,6383,208
1786,4/4/20,Guam,66,223,4
1787,4/4/20,Hawaii,15,349,3
1788,4/4/20,Idaho,16,1077,10
1789,4/4/20,Illinois,17,10357,248
1790,4/4/20,Indiana,18,3953,116
1791,4/4/20,Iowa,19,786,11
1792,4/4/20,Kansas,20,701,21
1793,4/4/20,Kentucky,21,917,40
1794,4/4/20,Louisiana,22,12496,412
1795,4/4/20,Maine,23,456,10
1796,4/4/20,Maryland,24,3125,54
1797,4/4/20,Massachusetts,25,11736,216
1798,4/4/20,Michigan,26,14225,540
1799,4/4/20,Minnesota,27,865,24
1800,4/4/20,Mississippi,28,1455,35
1801,4/4/20,Missouri,29,2291,44
1802,4/4/20,Montana,30,281,6
1803,4/4/20,Nebraska,31,339,8
1804,4/4/20,Nevada,32,1758,46
1805,4/4/20,New Hampshire,33,621,9
1806,4/4/20,New Jersey,34,34124,847
1807,4/4/20,New Mexico,35,543,11
1808,4/4/20,New York,36,114996,3568
1809,4/4/20,North Carolina,37,2402,30
1810,4/4/20,North Dakota,38,186,3
1811,4/4/20,Northern Mariana Islands,69,8,1
1812,4/4/20,Ohio,39,3739,102
1813,4/4/20,Oklahoma,40,1159,42
1814,4/4/20,Oregon,41,999,26
1815,4/4/20,Pennsylvania,42,10109,139
1816,4/4/20,Puerto Rico,72,452,18
1817,4/4/20,Rhode Island,44,806,17
1818,4/4/20,South Carolina,45,1917,40
1819,4/4/20,South Dakota,46,212,2
1820,4/4/20,Tennessee,47,3265,47
1821,4/4/20,Texas,48,6566,124
1822,4/4/20,Utah,49,1428,8
1823,4/4/20,Vermont,50,461,20
1824,4/4/20,Virgin Islands,78,42,0
1825,4/4/20,Virginia,51,2407,52
1826,4/4/20,Washington,53,7498,318
1827,4/4/20,West Virginia,54,282,2
1828,4/4/20,Wisconsin,55,2112,60
1829,4/4/20,Wyoming,56,187,0
1830,4/5/20,Alabama,1,1841,45
1831,4/5/20,Alaska,2,185,4
1832,4/5/20,Arizona,4,2269,64
1833,4/5/20,Arkansas,5,853,16
1834,4/5/20,California,6,15076,349
1835,4/5/20,Colorado,8,4950,140
1836,4/5/20,Connecticut,9,5675,189
1837,4/5/20,Delaware,10,673,14
1838,4/5/20,District of Columbia,11,998,22
1839,4/5/20,Florida,12,12342,220
1840,4/5/20,Georgia,13,6742,219
1841,4/5/20,Guam,66,265,4
1842,4/5/20,Hawaii,15,369,4
1843,4/5/20,Idaho,16,1101,10
1844,4/5/20,Illinois,17,11276,282
1845,4/5/20,Indiana,18,4411,127
1846,4/5/20,Iowa,19,868,22
1847,4/5/20,Kansas,20,763,23
1848,4/5/20,Kentucky,21,1048,44
1849,4/5/20,Louisiana,22,13010,477
1850,4/5/20,Maine,23,470,10
1851,4/5/20,Maryland,24,3609,68
1852,4/5/20,Massachusetts,25,12500,231
1853,4/5/20,Michigan,26,15635,616
1854,4/5/20,Minnesota,27,935,29
1855,4/5/20,Mississippi,28,1638,43
1856,4/5/20,Missouri,29,2367,52
1857,4/5/20,Montana,30,298,6
1858,4/5/20,Nebraska,31,377,8
1859,4/5/20,Nevada,32,1880,46
1860,4/5/20,New Hampshire,33,669,9
1861,4/5/20,New Jersey,34,37505,917
1862,4/5/20,New Mexico,35,624,12
1863,4/5/20,New York,36,122911,4161
1864,4/5/20,North Carolina,37,2585,37
1865,4/5/20,North Dakota,38,207,3
1866,4/5/20,Northern Mariana Islands,69,8,1
1867,4/5/20,Ohio,39,4043,119
1868,4/5/20,Oklahoma,40,1252,46
1869,4/5/20,Oregon,41,1068,27
1870,4/5/20,Pennsylvania,42,11589,159
1871,4/5/20,Puerto Rico,72,475,20
1872,4/5/20,Rhode Island,44,922,25
1873,4/5/20,South Carolina,45,2049,44
1874,4/5/20,South Dakota,46,240,2
1875,4/5/20,Tennessee,47,3538,50
1876,4/5/20,Texas,48,7091,136
1877,4/5/20,Utah,49,1605,8
1878,4/5/20,Vermont,50,512,22
1879,4/5/20,Virgin Islands,78,42,0
1880,4/5/20,Virginia,51,2637,52
1881,4/5/20,Washington,53,7984,344
1882,4/5/20,West Virginia,54,324,3
1883,4/5/20,Wisconsin,55,2267,73
1884,4/5/20,Wyoming,56,200,0
1885,4/6/20,Alabama,1,2006,53
1886,4/6/20,Alaska,2,189,4
1887,4/6/20,Arizona,4,2465,67
1888,4/6/20,Arkansas,5,927,16
1889,4/6/20,California,6,16284,386
1890,4/6/20,Colorado,8,5172,150
1891,4/6/20,Connecticut,9,6906,206
1892,4/6/20,Delaware,10,783,15
1893,4/6/20,District of Columbia,11,1097,24
1894,4/6/20,Florida,12,13621,253
1895,4/6/20,Georgia,13,7558,294
1896,4/6/20,Guam,66,266,4
1897,4/6/20,Hawaii,15,385,5
1898,4/6/20,Idaho,16,1170,13
1899,4/6/20,Illinois,17,12262,309
1900,4/6/20,Indiana,18,4956,141
1901,4/6/20,Iowa,19,946,25
1902,4/6/20,Kansas,20,853,25
1903,4/6/20,Kentucky,21,1057,52
1904,4/6/20,Louisiana,22,14867,512
1905,4/6/20,Maine,23,499,10
1906,4/6/20,Maryland,24,4045,92
1907,4/6/20,Massachusetts,25,13837,260
1908,4/6/20,Michigan,26,17130,727
1909,4/6/20,Minnesota,27,986,30
1910,4/6/20,Mississippi,28,1738,51
1911,4/6/20,Missouri,29,2722,56
1912,4/6/20,Montana,30,319,6
1913,4/6/20,Nebraska,31,438,10
1914,4/6/20,Nevada,32,1971,58
1915,4/6/20,New Hampshire,33,715,9
1916,4/6/20,New Jersey,34,41090,1005
1917,4/6/20,New Mexico,35,686,12
1918,4/6/20,New York,36,130703,4758
1919,4/6/20,North Carolina,37,2870,40
1920,4/6/20,North Dakota,38,225,3
1921,4/6/20,Northern Mariana Islands,69,8,1
1922,4/6/20,Ohio,39,4450,142
1923,4/6/20,Oklahoma,40,1327,51
1924,4/6/20,Oregon,41,1132,29
1925,4/6/20,Pennsylvania,42,13074,169
1926,4/6/20,Puerto Rico,72,513,21
1927,4/6/20,Rhode Island,44,1082,27
1928,4/6/20,South Carolina,45,2232,48
1929,4/6/20,South Dakota,46,288,4
1930,4/6/20,Tennessee,47,3753,65
1931,4/6/20,Texas,48,8104,159
1932,4/6/20,Utah,49,1675,13
1933,4/6/20,Vermont,50,543,23
1934,4/6/20,Virgin Islands,78,43,1
1935,4/6/20,Virginia,51,2878,54
1936,4/6/20,Washington,53,8384,383
1937,4/6/20,West Virginia,54,345,4
1938,4/6/20,Wisconsin,55,2440,83
1939,4/6/20,Wyoming,56,212,0
1940,4/7/20,Alabama,1,2197,64
1941,4/7/20,Alaska,2,211,4
1942,4/7/20,Arizona,4,2575,77
1943,4/7/20,Arkansas,5,997,18
1944,4/7/20,California,6,17540,447
1945,4/7/20,Colorado,8,5429,179
1946,4/7/20,Connecticut,9,7781,277
1947,4/7/20,Delaware,10,928,16
1948,4/7/20,District of Columbia,11,1211,24
1949,4/7/20,Florida,12,14739,295
1950,4/7/20,Georgia,13,9156,348
1951,4/7/20,Guam,66,274,4
1952,4/7/20,Hawaii,15,408,5
1953,4/7/20,Idaho,16,1210,15
1954,4/7/20,Illinois,17,13549,384
1955,4/7/20,Indiana,18,5507,173
1956,4/7/20,Iowa,19,1048,26
1957,4/7/20,Kansas,20,905,30
1958,4/7/20,Kentucky,21,1289,66
1959,4/7/20,Louisiana,22,16284,582
1960,4/7/20,Maine,23,519,12
1961,4/7/20,Maryland,24,4371,104
1962,4/7/20,Massachusetts,25,15202,356
1963,4/7/20,Michigan,26,18852,845
1964,4/7/20,Minnesota,27,1069,34
1965,4/7/20,Mississippi,28,1915,59
1966,4/7/20,Missouri,29,3037,79
1967,4/7/20,Montana,30,319,6
1968,4/7/20,Nebraska,31,490,12
1969,4/7/20,Nevada,32,2101,60
1970,4/7/20,New Hampshire,33,747,13
1971,4/7/20,New Jersey,34,44416,1232
1972,4/7/20,New Mexico,35,794,13
1973,4/7/20,New York,36,140081,5563
1974,4/7/20,North Carolina,37,3220,50
1975,4/7/20,North Dakota,38,237,4
1976,4/7/20,Northern Mariana Islands,69,8,2
1977,4/7/20,Ohio,39,4782,167
1978,4/7/20,Oklahoma,40,1472,67
1979,4/7/20,Oregon,41,1181,33
1980,4/7/20,Pennsylvania,42,14582,240
1981,4/7/20,Puerto Rico,72,573,23
1982,4/7/20,Rhode Island,44,1229,30
1983,4/7/20,South Carolina,45,2417,51
1984,4/7/20,South Dakota,46,320,6
1985,4/7/20,Tennessee,47,4010,72
1986,4/7/20,Texas,48,8968,177
1987,4/7/20,Utah,49,1752,13
1988,4/7/20,Vermont,50,575,23
1989,4/7/20,Virgin Islands,78,45,1
1990,4/7/20,Virginia,51,3333,69
1991,4/7/20,Washington,53,8682,409
1992,4/7/20,West Virginia,54,412,4
1993,4/7/20,Wisconsin,55,2578,94
1994,4/7/20,Wyoming,56,221,0
1995,4/8/20,Alabama,1,2499,67
1996,4/8/20,Alaska,2,224,5
1997,4/8/20,Arizona,4,2726,80
1998,4/8/20,Arkansas,5,1077,18
1999,4/8/20,California,6,19043,506
2000,4/8/20,Colorado,8,5655,192
2001,4/8/20,Connecticut,9,8781,335
2002,4/8/20,Delaware,10,1116,19
2003,4/8/20,District of Columbia,11,1440,27
2004,4/8/20,Florida,12,15690,322
2005,4/8/20,Georgia,13,10204,370
2006,4/8/20,Guam,66,409,4
2007,4/8/20,Hawaii,15,433,5
2008,4/8/20,Idaho,16,1232,19
2009,4/8/20,Illinois,17,15078,464
2010,4/8/20,Indiana,18,5943,203
2011,4/8/20,Iowa,19,1145,27
2012,4/8/20,Kansas,20,1055,38
2013,4/8/20,Kentucky,21,1393,73
2014,4/8/20,Louisiana,22,17030,652
2015,4/8/20,Maine,23,537,14
2016,4/8/20,Maryland,24,5529,124
2017,4/8/20,Massachusetts,25,16790,433
2018,4/8/20,Michigan,26,20220,959
2019,4/8/20,Minnesota,27,1154,39
2020,4/8/20,Mississippi,28,2003,67
2021,4/8/20,Missouri,29,3327,86
2022,4/8/20,Montana,30,332,6
2023,4/8/20,Nebraska,31,538,14
2024,4/8/20,Nevada,32,2318,80
2025,4/8/20,New Hampshire,33,788,18
2026,4/8/20,New Jersey,34,47437,1504
2027,4/8/20,New Mexico,35,865,16
2028,4/8/20,New York,36,149401,6268
2029,4/8/20,North Carolina,37,3423,61
2030,4/8/20,North Dakota,38,251,4
2031,4/8/20,Northern Mariana Islands,69,11,2
2032,4/8/20,Ohio,39,5148,193
2033,4/8/20,Oklahoma,40,1524,79
2034,4/8/20,Oregon,41,1239,38
2035,4/8/20,Pennsylvania,42,16414,313
2036,4/8/20,Puerto Rico,72,620,24
2037,4/8/20,Rhode Island,44,1450,35
2038,4/8/20,South Carolina,45,2552,63
2039,4/8/20,South Dakota,46,393,6
2040,4/8/20,Tennessee,47,4246,83
2041,4/8/20,Texas,48,9897,195
2042,4/8/20,Utah,49,1875,13
2043,4/8/20,Vermont,50,605,23
2044,4/8/20,Virgin Islands,78,45,1
2045,4/8/20,Virginia,51,3645,75
2046,4/8/20,Washington,53,9097,430
2047,4/8/20,West Virginia,54,483,4
2048,4/8/20,Wisconsin,55,2756,107
2049,4/8/20,Wyoming,56,230,0
2050,4/9/20,Alabama,1,2838,78
2051,4/9/20,Alaska,2,233,5
2052,4/9/20,American Samoa,60,0,0
2053,4/9/20,Arizona,4,3018,89
2054,4/9/20,Arkansas,5,1146,21
2055,4/9/20,California,6,20191,548
2056,4/9/20,Colorado,8,6202,227
2057,4/9/20,Connecticut,9,9784,380
2058,4/9/20,Delaware,10,1209,23
2059,4/9/20,District of Columbia,11,1523,32
2060,4/9/20,Florida,12,16819,370
2061,4/9/20,Georgia,13,10885,412
2062,4/9/20,Guam,66,542,4
2063,4/9/20,Hawaii,15,440,6
2064,4/9/20,Idaho,16,1353,24
2065,4/9/20,Illinois,17,16422,534
2066,4/9/20,Indiana,18,6351,246
2067,4/9/20,Iowa,19,1270,27
2068,4/9/20,Kansas,20,1116,42
2069,4/9/20,Kentucky,21,1525,84
2070,4/9/20,Louisiana,22,18283,702
2071,4/9/20,Maine,23,560,16
2072,4/9/20,Maryland,24,6185,139
2073,4/9/20,Massachusetts,25,18941,503
2074,4/9/20,Michigan,26,21375,1076
2075,4/9/20,Minnesota,27,1242,50
2076,4/9/20,Mississippi,28,2260,76
2077,4/9/20,Missouri,29,3539,94
2078,4/9/20,Montana,30,354,6
2079,4/9/20,Nebraska,31,594,15
2080,4/9/20,Nevada,32,2456,82
2081,4/9/20,New Hampshire,33,819,21
2082,4/9/20,New Jersey,34,51027,1700
2083,4/9/20,New Mexico,35,989,17
2084,4/9/20,New York,36,159937,7067
2085,4/9/20,North Carolina,37,3651,74
2086,4/9/20,North Dakota,38,269,5
2087,4/9/20,Northern Mariana Islands,69,11,2
2088,4/9/20,Ohio,39,5512,213
2089,4/9/20,Oklahoma,40,1684,80
2090,4/9/20,Oregon,41,1321,44
2091,4/9/20,Pennsylvania,42,18379,344
2092,4/9/20,Puerto Rico,72,683,33
2093,4/9/20,Rhode Island,44,1727,43
2094,4/9/20,South Carolina,45,2792,67
2095,4/9/20,South Dakota,46,447,7
2096,4/9/20,Tennessee,47,4456,95
2097,4/9/20,Texas,48,11372,228
2098,4/9/20,Utah,49,1980,13
2099,4/9/20,Vermont,50,628,23
2100,4/9/20,Virgin Islands,78,46,1
2101,4/9/20,Virginia,51,4042,109
2102,4/9/20,Washington,53,9608,456
2103,4/9/20,West Virginia,54,524,5
2104,4/9/20,Wisconsin,55,2885,116
2105,4/9/20,Wyoming,56,239,0
2106,4/10/20,Alabama,1,3008,80
2107,4/10/20,Alaska,2,244,5
2108,4/10/20,American Samoa,60,0,0
2109,4/10/20,Arizona,4,3112,97
2110,4/10/20,Arkansas,5,1202,24
2111,4/10/20,California,6,21366,594
2112,4/10/20,Colorado,8,6510,253
2113,4/10/20,Connecticut,9,10538,448
2114,4/10/20,Delaware,10,1326,32
2115,4/10/20,District of Columbia,11,1660,38
2116,4/10/20,Florida,12,17960,418
2117,4/10/20,Georgia,13,11859,425
2118,4/10/20,Guam,66,577,4
2119,4/10/20,Hawaii,15,463,8
2120,4/10/20,Idaho,16,1397,25
2121,4/10/20,Illinois,17,17887,607
2122,4/10/20,Indiana,18,6907,300
2123,4/10/20,Iowa,19,1388,31
2124,4/10/20,Kansas,20,1180,50
2125,4/10/20,Kentucky,21,1702,90
2126,4/10/20,Louisiana,22,19253,755
2127,4/10/20,Maine,23,586,17
2128,4/10/20,Maryland,24,6968,172
2129,4/10/20,Massachusetts,25,20974,599
2130,4/10/20,Michigan,26,22646,1280
2131,4/10/20,Minnesota,27,1335,57
2132,4/10/20,Mississippi,28,2469,82
2133,4/10/20,Missouri,29,3799,105
2134,4/10/20,Montana,30,365,6
2135,4/10/20,Nebraska,31,679,18
2136,4/10/20,Nevada,32,2606,86
2137,4/10/20,New Hampshire,33,885,22
2138,4/10/20,New Jersey,34,54588,1932
2139,4/10/20,New Mexico,35,1091,19
2140,4/10/20,New York,36,170512,7844
2141,4/10/20,North Carolina,37,3906,78
2142,4/10/20,North Dakota,38,278,7
2143,4/10/20,Northern Mariana Islands,69,11,2
2144,4/10/20,Ohio,39,5878,231
2145,4/10/20,Oklahoma,40,1794,88
2146,4/10/20,Oregon,41,1371,48
2147,4/10/20,Pennsylvania,42,20128,435
2148,4/10/20,Puerto Rico,72,725,39
2149,4/10/20,Rhode Island,44,2015,49
2150,4/10/20,South Carolina,45,3065,72
2151,4/10/20,South Dakota,46,536,7
2152,4/10/20,Tennessee,47,4793,104
2153,4/10/20,Texas,48,12290,246
2154,4/10/20,Utah,49,2103,17
2155,4/10/20,Vermont,50,679,24
2156,4/10/20,Virgin Islands,78,46,1
2157,4/10/20,Virginia,51,4509,121
2158,4/10/20,Washington,53,9887,483
2159,4/10/20,West Virginia,54,537,5
2160,4/10/20,Wisconsin,55,3068,131
2161,4/10/20,Wyoming,56,253,0
2162,4/11/20,Alabama,1,3262,93
2163,4/11/20,Alaska,2,255,6
2164,4/11/20,American Samoa,60,0,0
2165,4/11/20,Arizona,4,3393,112
2166,4/11/20,Arkansas,5,1228,25
2167,4/11/20,California,6,22421,632
2168,4/11/20,Colorado,8,6893,274
2169,4/11/20,Connecticut,9,11510,494
2170,4/11/20,Delaware,10,1479,33
2171,4/11/20,District of Columbia,11,1778,47
2172,4/11/20,Florida,12,18978,445
2173,4/11/20,Georgia,13,12261,432
2174,4/11/20,Guam,66,681,5
2175,4/11/20,Hawaii,15,484,8
2176,4/11/20,Idaho,16,1407,27
2177,4/11/20,Illinois,17,19180,682
2178,4/11/20,Indiana,18,7435,330
2179,4/11/20,Iowa,19,1510,34
2180,4/11/20,Kansas,20,1283,55
2181,4/11/20,Kentucky,21,1851,94
2182,4/11/20,Louisiana,22,20014,806
2183,4/11/20,Maine,23,616,19
2184,4/11/20,Maryland,24,7694,207
2185,4/11/20,Massachusetts,25,22860,686
2186,4/11/20,Michigan,26,23853,1391
2187,4/11/20,Minnesota,27,1427,64
2188,4/11/20,Mississippi,28,2642,93
2189,4/11/20,Missouri,29,4024,116
2190,4/11/20,Montana,30,377,6
2191,4/11/20,Nebraska,31,719,18
2192,4/11/20,Nevada,32,2720,111
2193,4/11/20,New Hampshire,33,929,23
2194,4/11/20,New Jersey,34,58151,2183
2195,4/11/20,New Mexico,35,1174,20
2196,4/11/20,New York,36,180458,8627
2197,4/11/20,North Carolina,37,4310,86
2198,4/11/20,North Dakota,38,293,7
2199,4/11/20,Northern Mariana Islands,69,11,2
2200,4/11/20,Ohio,39,6250,247
2201,4/11/20,Oklahoma,40,1868,93
2202,4/11/20,Oregon,41,1447,51
2203,4/11/20,Pennsylvania,42,21774,515
2204,4/11/20,Puerto Rico,72,788,42
2205,4/11/20,Rhode Island,44,2349,56
2206,4/11/20,South Carolina,45,3207,80
2207,4/11/20,South Dakota,46,626,6
2208,4/11/20,Tennessee,47,4983,107
2209,4/11/20,Texas,48,13208,265
2210,4/11/20,Utah,49,2206,18
2211,4/11/20,Vermont,50,711,25
2212,4/11/20,Virgin Islands,78,51,1
2213,4/11/20,Virginia,51,5077,130
2214,4/11/20,Washington,53,10224,498
2215,4/11/20,West Virginia,54,593,6
2216,4/11/20,Wisconsin,55,3213,141
2217,4/11/20,Wyoming,56,261,0
2218,4/12/20,Alabama,1,3583,93
2219,4/12/20,Alaska,2,270,6
2220,4/12/20,American Samoa,60,0,0
2221,4/12/20,Arizona,4,3539,117
2222,4/12/20,Arkansas,5,1280,27
2223,4/12/20,California,6,23323,676
2224,4/12/20,Colorado,8,7303,290
2225,4/12/20,Connecticut,9,12035,554
2226,4/12/20,Delaware,10,1625,35
2227,4/12/20,District of Columbia,11,1875,50
2228,4/12/20,Florida,12,19855,460
2229,4/12/20,Georgia,13,12103,438
2230,4/12/20,Guam,66,716,5
2231,4/12/20,Hawaii,15,497,9
2232,4/12/20,Idaho,16,1426,27
2233,4/12/20,Illinois,17,20852,727
2234,4/12/20,Indiana,18,7928,343
2235,4/12/20,Iowa,19,1587,41
2236,4/12/20,Kansas,20,1338,56
2237,4/12/20,Kentucky,21,1963,98
2238,4/12/20,Louisiana,22,20595,840
2239,4/12/20,Maine,23,633,19
2240,4/12/20,Maryland,24,8225,236
2241,4/12/20,Massachusetts,25,25475,756
2242,4/12/20,Michigan,26,24494,1486
2243,4/12/20,Minnesota,27,1621,70
2244,4/12/20,Mississippi,28,2781,96
2245,4/12/20,Missouri,29,4160,116
2246,4/12/20,Montana,30,387,6
2247,4/12/20,Nebraska,31,806,18
2248,4/12/20,Nevada,32,2860,113
2249,4/12/20,New Hampshire,33,985,23
2250,4/12/20,New Jersey,34,61850,2350
2251,4/12/20,New Mexico,35,1245,26
2252,4/12/20,New York,36,188694,9385
2253,4/12/20,North Carolina,37,4520,86
2254,4/12/20,North Dakota,38,308,8
2255,4/12/20,Northern Mariana Islands,69,11,2
2256,4/12/20,Ohio,39,6604,253
2257,4/12/20,Oklahoma,40,1970,96
2258,4/12/20,Oregon,41,1527,52
2259,4/12/20,Pennsylvania,42,22955,525
2260,4/12/20,Puerto Rico,72,897,44
2261,4/12/20,Rhode Island,44,2665,63
2262,4/12/20,South Carolina,45,3319,82
2263,4/12/20,South Dakota,46,730,6
2264,4/12/20,Tennessee,47,5144,107
2265,4/12/20,Texas,48,13776,288
2266,4/12/20,Utah,49,2303,18
2267,4/12/20,Vermont,50,727,27
2268,4/12/20,Virgin Islands,78,51,1
2269,4/12/20,Virginia,51,5274,141
2270,4/12/20,Washington,53,10411,511
2271,4/12/20,West Virginia,54,615,8
2272,4/12/20,Wisconsin,55,3341,145
2273,4/12/20,Wyoming,56,270,0
2274,4/13/20,Alabama,1,3805,104
2275,4/13/20,Alaska,2,275,6
2276,4/13/20,American Samoa,60,0,0
2277,4/13/20,Arizona,4,3702,122
2278,4/13/20,Arkansas,5,1475,30
2279,4/13/20,California,6,24334,725
2280,4/13/20,Colorado,8,7691,308
2281,4/13/20,Connecticut,9,13381,602
2282,4/13/20,Delaware,10,1761,41
2283,4/13/20,District of Columbia,11,1955,52
2284,4/13/20,Florida,12,21011,498
2285,4/13/20,Georgia,13,13125,479
2286,4/13/20,Guam,66,719,6
2287,4/13/20,Hawaii,15,502,9
2288,4/13/20,Idaho,16,1453,33
2289,4/13/20,Illinois,17,22025,800
2290,4/13/20,Indiana,18,8236,350
2291,4/13/20,Iowa,19,1710,44
2292,4/13/20,Kansas,20,1383,63
2293,4/13/20,Kentucky,21,2048,106
2294,4/13/20,Louisiana,22,21016,884
2295,4/13/20,Maine,23,698,19
2296,4/13/20,Maryland,24,8936,262
2297,4/13/20,Massachusetts,25,26867,844
2298,4/13/20,Michigan,26,25487,1601
2299,4/13/20,Minnesota,27,1650,70
2300,4/13/20,Mississippi,28,2942,98
2301,4/13/20,Missouri,29,4388,136
2302,4/13/20,Montana,30,394,7
2303,4/13/20,Nebraska,31,871,19
2304,4/13/20,Nevada,32,3036,114
2305,4/13/20,New Hampshire,33,1020,23
2306,4/13/20,New Jersey,34,64584,2443
2307,4/13/20,New Mexico,35,1345,31
2308,4/13/20,New York,36,195031,10056
2309,4/13/20,North Carolina,37,4788,91
2310,4/13/20,North Dakota,38,331,9
2311,4/13/20,Northern Mariana Islands,69,11,2
2312,4/13/20,Ohio,39,6975,274
2313,4/13/20,Oklahoma,40,2069,98
2314,4/13/20,Oregon,41,1584,53
2315,4/13/20,Pennsylvania,42,24295,563
2316,4/13/20,Puerto Rico,72,903,45
2317,4/13/20,Rhode Island,44,2976,73
2318,4/13/20,South Carolina,45,3439,87
2319,4/13/20,South Dakota,46,868,6
2320,4/13/20,Tennessee,47,5483,114
2321,4/13/20,Texas,48,14487,320
2322,4/13/20,Utah,49,2363,18
2323,4/13/20,Vermont,50,748,28
2324,4/13/20,Virgin Islands,78,51,1
2325,4/13/20,Virginia,51,5747,149
2326,4/13/20,Washington,53,10538,525
2327,4/13/20,West Virginia,54,638,9
2328,4/13/20,Wisconsin,55,3428,155
2329,4/13/20,Wyoming,56,275,1
2330,4/14/20,Alabama,1,3953,114
2331,4/14/20,Alaska,2,283,7
2332,4/14/20,American Samoa,60,0,0
2333,4/14/20,Arizona,4,3806,131
2334,4/14/20,Arkansas,5,1498,32
2335,4/14/20,California,6,25758,778
2336,4/14/20,Colorado,8,7941,329
2337,4/14/20,Connecticut,9,13989,671
2338,4/14/20,Delaware,10,1926,43
2339,4/14/20,District of Columbia,11,2058,67
2340,4/14/20,Florida,12,21620,570
2341,4/14/20,Georgia,13,13913,517
2342,4/14/20,Guam,66,721,6
2343,4/14/20,Hawaii,15,511,9
2344,4/14/20,Idaho,16,1464,39
2345,4/14/20,Illinois,17,23247,878
2346,4/14/20,Indiana,18,8527,387
2347,4/14/20,Iowa,19,1899,44
2348,4/14/20,Kansas,20,1439,69
2349,4/14/20,Kentucky,21,2210,115
2350,4/14/20,Louisiana,22,21518,1013
2351,4/14/20,Maine,23,734,20
2352,4/14/20,Maryland,24,9472,302
2353,4/14/20,Massachusetts,25,28163,957
2354,4/14/20,Michigan,26,26844,1766
2355,4/14/20,Minnesota,27,1695,79
2356,4/14/20,Mississippi,28,3087,111
2357,4/14/20,Missouri,29,4686,151
2358,4/14/20,Montana,30,399,7
2359,4/14/20,Nebraska,31,931,21
2360,4/14/20,Nevada,32,3137,130
2361,4/14/20,New Hampshire,33,1091,27
2362,4/14/20,New Jersey,34,68824,2805
2363,4/14/20,New Mexico,35,1407,36
2364,4/14/20,New York,36,202208,10834
2365,4/14/20,North Carolina,37,4992,116
2366,4/14/20,North Dakota,38,341,9
2367,4/14/20,Northern Mariana Islands,69,13,2
2368,4/14/20,Ohio,39,7280,324
2369,4/14/20,Oklahoma,40,2184,109
2370,4/14/20,Oregon,41,1633,55
2371,4/14/20,Pennsylvania,42,25591,746
2372,4/14/20,Puerto Rico,72,923,45
2373,4/14/20,Rhode Island,44,3251,80
2374,4/14/20,South Carolina,45,3553,97
2375,4/14/20,South Dakota,46,988,6
2376,4/14/20,Tennessee,47,5654,123
2377,4/14/20,Texas,48,15303,365
2378,4/14/20,Utah,49,2418,19
2379,4/14/20,Vermont,50,752,29
2380,4/14/20,Virgin Islands,78,51,1
2381,4/14/20,Virginia,51,6171,154
2382,4/14/20,Washington,53,10694,552
2383,4/14/20,West Virginia,54,697,10
2384,4/14/20,Wisconsin,55,3555,172
2385,4/14/20,Wyoming,56,282,1
2386,4/15/20,Alabama,1,4241,123
2387,4/15/20,Alaska,2,291,7
2388,4/15/20,American Samoa,60,0,0
2389,4/15/20,Arizona,4,3962,142
2390,4/15/20,Arkansas,5,1599,34
2391,4/15/20,California,6,27107,885
2392,4/15/20,Colorado,8,8280,355
2393,4/15/20,Connecticut,9,14755,868
2394,4/15/20,Delaware,10,2014,46
2395,4/15/20,District of Columbia,11,2197,72
2396,4/15/20,Florida,12,22526,613
2397,4/15/20,Georgia,13,14583,569
2398,4/15/20,Guam,66,750,6
2399,4/15/20,Hawaii,15,524,9
2400,4/15/20,Idaho,16,1507,41
2401,4/15/20,Illinois,17,24593,958
2402,4/15/20,Indiana,18,8955,436
2403,4/15/20,Iowa,19,1995,53
2404,4/15/20,Kansas,20,1502,76
2405,4/15/20,Kentucky,21,2295,124
2406,4/15/20,Louisiana,22,21951,1103
2407,4/15/20,Maine,23,770,24
2408,4/15/20,Maryland,24,10032,349
2409,4/15/20,Massachusetts,25,29918,1108
2410,4/15/20,Michigan,26,27893,1919
2411,4/15/20,Minnesota,27,1809,87
2412,4/15/20,Mississippi,28,3360,122
2413,4/15/20,Missouri,29,4895,164
2414,4/15/20,Montana,30,404,7
2415,4/15/20,Nebraska,31,995,22
2416,4/15/20,Nevada,32,3212,137
2417,4/15/20,New Hampshire,33,1139,32
2418,4/15/20,New Jersey,34,71030,3156
2419,4/15/20,New Mexico,35,1484,36
2420,4/15/20,New York,36,213779,11586
2421,4/15/20,North Carolina,37,5123,128
2422,4/15/20,North Dakota,38,365,9
2423,4/15/20,Northern Mariana Islands,69,13,2
2424,4/15/20,Ohio,39,7791,361
2425,4/15/20,Oklahoma,40,2263,123
2426,4/15/20,Oregon,41,1663,58
2427,4/15/20,Pennsylvania,42,26804,833
2428,4/15/20,Puerto Rico,72,974,51
2429,4/15/20,Rhode Island,44,3529,87
2430,4/15/20,South Carolina,45,3656,107
2431,4/15/20,South Dakota,46,1168,6
2432,4/15/20,Tennessee,47,5878,137
2433,4/15/20,Texas,48,16106,395
2434,4/15/20,Utah,49,2549,20
2435,4/15/20,Vermont,50,759,30
2436,4/15/20,Virgin Islands,78,51,1
2437,4/15/20,Virginia,51,6500,195
2438,4/15/20,Washington,53,10783,572
2439,4/15/20,West Virginia,54,725,12
2440,4/15/20,Wisconsin,55,3721,184
2441,4/15/20,Wyoming,56,288,2
2442,4/16/20,Alabama,1,4404,137
2443,4/16/20,Alaska,2,298,7
2444,4/16/20,American Samoa,60,0,0
2445,4/16/20,Arizona,4,4234,152
2446,4/16/20,Arkansas,5,1620,37
2447,4/16/20,California,6,28142,971
2448,4/16/20,Colorado,8,8675,374
2449,4/16/20,Connecticut,9,15884,971
2450,4/16/20,Delaware,10,2075,52
2451,4/16/20,District of Columbia,11,2350,81
2452,4/16/20,Florida,12,23332,667
2453,4/16/20,Georgia,13,15644,611
2454,4/16/20,Guam,66,790,6
2455,4/16/20,Hawaii,15,535,9
2456,4/16/20,Idaho,16,1528,41
2457,4/16/20,Illinois,17,25734,1081
2458,4/16/20,Indiana,18,9542,477
2459,4/16/20,Iowa,19,2141,60
2460,4/16/20,Kansas,20,1594,80
2461,4/16/20,Kentucky,21,2429,131
2462,4/16/20,Louisiana,22,22532,1156
2463,4/16/20,Maine,23,796,27
2464,4/16/20,Maryland,24,10784,392
2465,4/16/20,Massachusetts,25,32181,1245
2466,4/16/20,Michigan,26,29119,2091
2467,4/16/20,Minnesota,27,1912,94
2468,4/16/20,Mississippi,28,3624,129
2469,4/16/20,Missouri,29,5111,170
2470,4/16/20,Montana,30,415,7
2471,4/16/20,Nebraska,31,1094,24
2472,4/16/20,Nevada,32,3321,142
2473,4/16/20,New Hampshire,33,1211,34
2474,4/16/20,New Jersey,34,75317,3518
2475,4/16/20,New Mexico,35,1597,44
2476,4/16/20,New York,36,222284,12192
2477,4/16/20,North Carolina,37,5463,140
2478,4/16/20,North Dakota,38,393,9
2479,4/16/20,Northern Mariana Islands,69,13,2
2480,4/16/20,Ohio,39,8414,389
2481,4/16/20,Oklahoma,40,2357,131
2482,4/16/20,Oregon,41,1736,64
2483,4/16/20,Pennsylvania,42,28314,864
2484,4/16/20,Puerto Rico,72,1043,56
2485,4/16/20,Rhode Island,44,3838,105
2486,4/16/20,South Carolina,45,3931,109
2487,4/16/20,South Dakota,46,1311,7
2488,4/16/20,Tennessee,47,6090,144
2489,4/16/20,Texas,48,16928,428
2490,4/16/20,Utah,49,2683,21
2491,4/16/20,Vermont,50,768,35
2492,4/16/20,Virgin Islands,78,51,1
2493,4/16/20,Virginia,51,6889,208
2494,4/16/20,Washington,53,11152,588
2495,4/16/20,West Virginia,54,739,13
2496,4/16/20,Wisconsin,55,3875,197
2497,4/16/20,Wyoming,56,296,2
2498,4/17/20,Alabama,1,4572,151
2499,4/17/20,Alaska,2,307,7
2500,4/17/20,American Samoa,60,0,0
2501,4/17/20,Arizona,4,4507,174
2502,4/17/20,Arkansas,5,1695,37
2503,4/17/20,California,6,29398,1050
2504,4/17/20,Colorado,8,9047,389
2505,4/17/20,Connecticut,9,16809,1036
2506,4/17/20,Delaware,10,2323,61
2507,4/17/20,District of Columbia,11,2476,86
2508,4/17/20,Florida,12,24745,725
2509,4/17/20,Georgia,13,16658,661
2510,4/17/20,Guam,66,796,6
2511,4/17/20,Hawaii,15,547,9
2512,4/17/20,Idaho,16,1566,43
2513,4/17/20,Illinois,17,27575,1142
2514,4/17/20,Indiana,18,10154,519
2515,4/17/20,Iowa,19,2332,64
2516,4/17/20,Kansas,20,1731,84
2517,4/17/20,Kentucky,21,2522,139
2518,4/17/20,Louisiana,22,23118,1213
2519,4/17/20,Maine,23,827,29
2520,4/17/20,Maryland,24,11572,425
2521,4/17/20,Massachusetts,25,34402,1404
2522,4/17/20,Michigan,26,29952,2226
2523,4/17/20,Minnesota,27,2071,111
2524,4/17/20,Mississippi,28,3793,140
2525,4/17/20,Missouri,29,5283,184
2526,4/17/20,Montana,30,422,8
2527,4/17/20,Nebraska,31,1216,24
2528,4/17/20,Nevada,32,3524,151
2529,4/17/20,New Hampshire,33,1287,37
2530,4/17/20,New Jersey,34,78467,3840
2531,4/17/20,New Mexico,35,1711,51
2532,4/17/20,New York,36,229642,12822
2533,4/17/20,North Carolina,37,5859,159
2534,4/17/20,North Dakota,38,439,9
2535,4/17/20,Northern Mariana Islands,69,14,2
2536,4/17/20,Ohio,39,9107,418
2537,4/17/20,Oklahoma,40,2465,136
2538,4/17/20,Oregon,41,1785,70
2539,4/17/20,Pennsylvania,42,30121,1027
2540,4/17/20,Puerto Rico,72,1068,58
2541,4/17/20,Rhode Island,44,4177,118
2542,4/17/20,South Carolina,45,4086,116
2543,4/17/20,South Dakota,46,1411,7
2544,4/17/20,Tennessee,47,6438,150
2545,4/17/20,Texas,48,18131,461
2546,4/17/20,Utah,49,2813,23
2547,4/17/20,Vermont,50,779,35
2548,4/17/20,Virgin Islands,78,51,2
2549,4/17/20,Virginia,51,7491,238
2550,4/17/20,Washington,53,11445,610
2551,4/17/20,West Virginia,54,776,16
2552,4/17/20,Wisconsin,55,4045,205
2553,4/17/20,Wyoming,56,305,2
2554,4/18/20,Alabama,1,4723,147
2555,4/18/20,Alaska,2,312,7
2556,4/18/20,American Samoa,60,0,0
2557,4/18/20,Arizona,4,4719,181
2558,4/18/20,Arkansas,5,1777,38
2559,4/18/20,California,6,30829,1146
2560,4/18/20,Colorado,8,9433,409
2561,4/18/20,Connecticut,9,17550,1086
2562,4/18/20,Delaware,10,2538,67
2563,4/18/20,District of Columbia,11,2666,91
2564,4/18/20,Florida,12,25484,747
2565,4/18/20,Georgia,13,17014,670
2566,4/18/20,Guam,66,805,6
2567,4/18/20,Hawaii,15,568,9
2568,4/18/20,Idaho,16,1577,44
2569,4/18/20,Illinois,17,29160,1272
2570,4/18/20,Indiana,18,10641,545
2571,4/18/20,Iowa,19,2513,74
2572,4/18/20,Kansas,20,1820,86
2573,4/18/20,Kentucky,21,2707,145
2574,4/18/20,Louisiana,22,23580,1267
2575,4/18/20,Maine,23,847,32
2576,4/18/20,Maryland,24,12308,463
2577,4/18/20,Massachusetts,25,36372,1560
2578,4/18/20,Michigan,26,30717,2307
2579,4/18/20,Minnesota,27,2213,121
2580,4/18/20,Mississippi,28,3974,152
2581,4/18/20,Missouri,29,5517,194
2582,4/18/20,Montana,30,426,10
2583,4/18/20,Nebraska,31,1348,28
2584,4/18/20,Nevada,32,3626,155
2585,4/18/20,New Hampshire,33,1342,38
2586,4/18/20,New Jersey,34,81420,4070
2587,4/18/20,New Mexico,35,1798,53
2588,4/18/20,New York,36,236763,13362
2589,4/18/20,North Carolina,37,6140,175
2590,4/18/20,North Dakota,38,528,9
2591,4/18/20,Northern Mariana Islands,69,14,2
2592,4/18/20,Ohio,39,10222,451
2593,4/18/20,Oklahoma,40,2570,139
2594,4/18/20,Oregon,41,1844,72
2595,4/18/20,Pennsylvania,42,31742,1150
2596,4/18/20,Puerto Rico,72,1118,60
2597,4/18/20,Rhode Island,44,4491,137
2598,4/18/20,South Carolina,45,4246,119
2599,4/18/20,South Dakota,46,1542,7
2600,4/18/20,Tennessee,47,6637,152
2601,4/18/20,Texas,48,18927,487
2602,4/18/20,Utah,49,2942,25
2603,4/18/20,Vermont,50,803,37
2604,4/18/20,Virgin Islands,78,53,3
2605,4/18/20,Virginia,51,8053,258
2606,4/18/20,Washington,53,11802,629
2607,4/18/20,West Virginia,54,825,18
2608,4/18/20,Wisconsin,55,4199,212
2609,4/18/20,Wyoming,56,309,2
2610,4/19/20,Alabama,1,4903,160
2611,4/19/20,Alaska,2,317,7
2612,4/19/20,American Samoa,60,0,0
2613,4/19/20,Arizona,4,4929,188
2614,4/19/20,Arkansas,5,1781,39
2615,4/19/20,California,6,31544,1176
2616,4/19/20,Colorado,8,9730,421
2617,4/19/20,Connecticut,9,17962,1127
2618,4/19/20,Delaware,10,2538,67
2619,4/19/20,District of Columbia,11,2793,96
2620,4/19/20,Florida,12,26306,773
2621,4/19/20,Georgia,13,17619,682
2622,4/19/20,Guam,66,808,6
2623,4/19/20,Hawaii,15,574,10
2624,4/19/20,Idaho,16,1581,45
2625,4/19/20,Illinois,17,30357,1302
2626,4/19/20,Indiana,18,11210,562
2627,4/19/20,Iowa,19,2915,75
2628,4/19/20,Kansas,20,1898,94
2629,4/19/20,Kentucky,21,2960,149
2630,4/19/20,Louisiana,22,23928,1296
2631,4/19/20,Maine,23,867,34
2632,4/19/20,Maryland,24,12830,486
2633,4/19/20,Massachusetts,25,38077,1706
2634,4/19/20,Michigan,26,31348,2389
2635,4/19/20,Minnesota,27,2356,134
2636,4/19/20,Mississippi,28,4274,159
2637,4/19/20,Missouri,29,5667,196
2638,4/19/20,Montana,30,433,10
2639,4/19/20,Nebraska,31,1474,28
2640,4/19/20,Nevada,32,3741,158
2641,4/19/20,New Hampshire,33,1392,41
2642,4/19/20,New Jersey,34,85301,4202
2643,4/19/20,New Mexico,35,1845,55
2644,4/19/20,New York,36,242817,13869
2645,4/19/20,North Carolina,37,6493,183
2646,4/19/20,North Dakota,38,585,10
2647,4/19/20,Northern Mariana Islands,69,14,2
2648,4/19/20,Ohio,39,11602,471
2649,4/19/20,Oklahoma,40,2599,140
2650,4/19/20,Oregon,41,1910,74
2651,4/19/20,Pennsylvania,42,32992,1285
2652,4/19/20,Puerto Rico,72,1213,41
2653,4/19/20,Rhode Island,44,4706,150
2654,4/19/20,South Carolina,45,4377,120
2655,4/19/20,South Dakota,46,1635,7
2656,4/19/20,Tennessee,47,6845,156
2657,4/19/20,Texas,48,19443,503
2658,4/19/20,Utah,49,3071,27
2659,4/19/20,Vermont,50,812,37
2660,4/19/20,Virgin Islands,78,53,3
2661,4/19/20,Virginia,51,8537,277
2662,4/19/20,Washington,53,11805,637
2663,4/19/20,West Virginia,54,890,20
2664,4/19/20,Wisconsin,55,4346,222
2665,4/19/20,Wyoming,56,313,2
2666,4/20/20,Alabama,1,5078,164
2667,4/20/20,Alaska,2,319,7
2668,4/20/20,American Samoa,60,0,0
2669,4/20/20,Arizona,4,5064,191
2670,4/20/20,Arkansas,5,1971,42
2671,4/20/20,California,6,33862,1223
2672,4/20/20,Colorado,8,10106,448
2673,4/20/20,Connecticut,9,19815,1331
2674,4/20/20,Delaware,10,2745,72
2675,4/20/20,District of Columbia,11,2927,105
2676,4/20/20,Florida,12,27050,822
2677,4/20/20,Georgia,13,18447,767
2678,4/20/20,Guam,66,811,6
2679,4/20/20,Hawaii,15,578,10
2680,4/20/20,Idaho,16,1638,48
2681,4/20/20,Illinois,17,31508,1359
2682,4/20/20,Indiana,18,11686,569
2683,4/20/20,Iowa,19,3175,79
2684,4/20/20,Kansas,20,2031,101
2685,4/20/20,Kentucky,21,3050,155
2686,4/20/20,Louisiana,22,24523,1328
2687,4/20/20,Maine,23,875,35
2688,4/20/20,Maryland,24,13684,516
2689,4/20/20,Massachusetts,25,39643,1809
2690,4/20/20,Michigan,26,31927,2466
2691,4/20/20,Minnesota,27,2470,143
2692,4/20/20,Mississippi,28,4512,169
2693,4/20/20,Missouri,29,5807,201
2694,4/20/20,Montana,30,433,12
2695,4/20/20,Nebraska,31,1648,33
2696,4/20/20,Nevada,32,3830,163
2697,4/20/20,New Hampshire,33,1447,42
2698,4/20/20,New Jersey,34,88806,4377
2699,4/20/20,New Mexico,35,1971,58
2700,4/20/20,New York,36,247543,14347
2701,4/20/20,North Carolina,37,6764,187
2702,4/20/20,North Dakota,38,627,13
2703,4/20/20,Northern Mariana Islands,69,14,2
2704,4/20/20,Ohio,39,12919,509
2705,4/20/20,Oklahoma,40,2680,143
2706,4/20/20,Oregon,41,1956,75
2707,4/20/20,Pennsylvania,42,34005,1366
2708,4/20/20,Puerto Rico,72,1252,42
2709,4/20/20,Rhode Island,44,5090,155
2710,4/20/20,South Carolina,45,4439,124
2711,4/20/20,South Dakota,46,1685,7
2712,4/20/20,Tennessee,47,7015,162
2713,4/20/20,Texas,48,20045,523
2714,4/20/20,Utah,49,3213,28
2715,4/20/20,Vermont,50,816,38
2716,4/20/20,Virgin Islands,78,54,3
2717,4/20/20,Virginia,51,8990,300
2718,4/20/20,Washington,53,12191,661
2719,4/20/20,West Virginia,54,908,26
2720,4/20/20,Wisconsin,55,4499,231
2721,4/20/20,Wyoming,56,317,2